date,sku_id,component_type,quantity_used,received_qty,on_hand,lead_time_days,unit_cost,min_order_qty,supplier_id
2025-01-01,R1001,Resistor,14,0,986,7,0.01,100,SUP001
2025-01-01,R1002,Resistor,13,0,787,7,0.01,100,SUP001
2025-01-01,C2001,Capacitor,2,0,598,10,0.02,200,SUP002
2025-01-01,C2002,Capacitor,2,0,398,14,0.05,200,SUP002
2025-01-01,IC3001,IC,0,0,120,21,2.5,50,SUP003
2025-01-01,IC3002,IC,4,0,146,10,0.35,50,SUP003
2025-01-01,R1003,Resistor,11,0,889,7,0.01,100,SUP001
2025-01-01,C2003,Capacitor,5,0,495,10,0.03,200,SUP002
2025-01-01,IC3003,IC,4,0,96,12,0.4,50,SUP003
2025-01-01,IC3004,IC,5,0,75,28,3.75,50,SUP004
2025-01-02,R1001,Resistor,11,0,975,7,0.01,100,SUP001
2025-01-02,R1002,Resistor,11,0,776,7,0.01,100,SUP001
2025-01-02,C2001,Capacitor,2,0,596,10,0.02,200,SUP002
2025-01-02,C2002,Capacitor,4,0,394,14,0.05,200,SUP002
2025-01-02,IC3001,IC,8,0,112,21,2.5,50,SUP003
2025-01-02,IC3002,IC,0,0,146,10,0.35,50,SUP003
2025-01-02,R1003,Resistor,13,0,876,7,0.01,100,SUP001
2025-01-02,C2003,Capacitor,8,0,487,10,0.03,200,SUP002
2025-01-02,IC3003,IC,1,0,95,12,0.4,50,SUP003
2025-01-02,IC3004,IC,1,0,74,28,3.75,50,SUP004
2025-01-03,R1001,Resistor,11,0,964,7,0.01,100,SUP001
2025-01-03,R1002,Resistor,7,0,769,7,0.01,100,SUP001
2025-01-03,C2001,Capacitor,2,0,594,10,0.02,200,SUP002
2025-01-03,C2002,Capacitor,7,0,387,14,0.05,200,SUP002
2025-01-03,IC3001,IC,1,0,111,21,2.5,50,SUP003
2025-01-03,IC3002,IC,3,0,143,10,0.35,50,SUP003
2025-01-03,R1003,Resistor,7,0,869,7,0.01,100,SUP001
2025-01-03,C2003,Capacitor,3,0,484,10,0.03,200,SUP002
2025-01-03,IC3003,IC,3,0,92,12,0.4,50,SUP003
2025-01-03,IC3004,IC,7,0,67,28,3.75,50,SUP004
2025-01-04,R1001,Resistor,9,0,955,7,0.01,100,SUP001
2025-01-04,R1002,Resistor,11,0,758,7,0.01,100,SUP001
2025-01-04,C2001,Capacitor,1,0,593,10,0.02,200,SUP002
2025-01-04,C2002,Capacitor,6,0,381,14,0.05,200,SUP002
2025-01-04,IC3001,IC,3,0,108,21,2.5,50,SUP003
2025-01-04,IC3002,IC,5,0,138,10,0.35,50,SUP003
2025-01-04,R1003,Resistor,13,0,856,7,0.01,100,SUP001
2025-01-04,C2003,Capacitor,0,0,484,10,0.03,200,SUP002
2025-01-04,IC3003,IC,7,0,85,12,0.4,50,SUP003
2025-01-04,IC3004,IC,1,0,66,28,3.75,50,SUP004
2025-01-05,R1001,Resistor,15,0,940,7,0.01,100,SUP001
2025-01-05,R1002,Resistor,9,0,749,7,0.01,100,SUP001
2025-01-05,C2001,Capacitor,8,0,585,10,0.02,200,SUP002
2025-01-05,C2002,Capacitor,12,0,369,14,0.05,200,SUP002
2025-01-05,IC3001,IC,2,0,106,21,2.5,50,SUP003
2025-01-05,IC3002,IC,7,0,131,10,0.35,50,SUP003
2025-01-05,R1003,Resistor,8,0,848,7,0.01,100,SUP001
2025-01-05,C2003,Capacitor,6,0,478,10,0.03,200,SUP002
2025-01-05,IC3003,IC,4,0,81,12,0.4,50,SUP003
2025-01-05,IC3004,IC,1,0,65,28,3.75,50,SUP004
2025-01-06,R1001,Resistor,14,0,926,7,0.01,100,SUP001
2025-01-06,R1002,Resistor,4,0,745,7,0.01,100,SUP001
2025-01-06,C2001,Capacitor,2,0,583,10,0.02,200,SUP002
2025-01-06,C2002,Capacitor,0,0,369,14,0.05,200,SUP002
2025-01-06,IC3001,IC,2,0,104,21,2.5,50,SUP003
2025-01-06,IC3002,IC,5,0,126,10,0.35,50,SUP003
2025-01-06,R1003,Resistor,6,0,842,7,0.01,100,SUP001
2025-01-06,C2003,Capacitor,2,0,476,10,0.03,200,SUP002
2025-01-06,IC3003,IC,3,0,78,12,0.4,50,SUP003
2025-01-06,IC3004,IC,1,0,64,28,3.75,50,SUP004
2025-01-07,R1001,Resistor,12,0,914,7,0.01,100,SUP001
2025-01-07,R1002,Resistor,8,0,737,7,0.01,100,SUP001
2025-01-07,C2001,Capacitor,2,0,581,10,0.02,200,SUP002
2025-01-07,C2002,Capacitor,5,0,364,14,0.05,200,SUP002
2025-01-07,IC3001,IC,6,0,98,21,2.5,50,SUP003
2025-01-07,IC3002,IC,8,0,118,10,0.35,50,SUP003
2025-01-07,R1003,Resistor,8,0,834,7,0.01,100,SUP001
2025-01-07,C2003,Capacitor,1,0,475,10,0.03,200,SUP002
2025-01-07,IC3003,IC,5,0,73,12,0.4,50,SUP003
2025-01-07,IC3004,IC,3,0,61,28,3.75,50,SUP004
2025-01-08,R1001,Resistor,10,0,904,7,0.01,100,SUP001
2025-01-08,R1002,Resistor,14,0,723,7,0.01,100,SUP001
2025-01-08,C2001,Capacitor,6,0,575,10,0.02,200,SUP002
2025-01-08,C2002,Capacitor,6,0,358,14,0.05,200,SUP002
2025-01-08,IC3001,IC,1,0,97,21,2.5,50,SUP003
2025-01-08,IC3002,IC,4,0,114,10,0.35,50,SUP003
2025-01-08,R1003,Resistor,15,0,819,7,0.01,100,SUP001
2025-01-08,C2003,Capacitor,5,0,470,10,0.03,200,SUP002
2025-01-08,IC3003,IC,5,0,68,12,0.4,50,SUP003
2025-01-08,IC3004,IC,6,0,55,28,3.75,50,SUP004
2025-01-09,R1001,Resistor,7,0,897,7,0.01,100,SUP001
2025-01-09,R1002,Resistor,11,0,712,7,0.01,100,SUP001
2025-01-09,C2001,Capacitor,2,0,573,10,0.02,200,SUP002
2025-01-09,C2002,Capacitor,8,0,350,14,0.05,200,SUP002
2025-01-09,IC3001,IC,3,0,94,21,2.5,50,SUP003
2025-01-09,IC3002,IC,4,0,110,10,0.35,50,SUP003
2025-01-09,R1003,Resistor,4,0,815,7,0.01,100,SUP001
2025-01-09,C2003,Capacitor,3,0,467,10,0.03,200,SUP002
2025-01-09,IC3003,IC,3,0,65,12,0.4,50,SUP003
2025-01-09,IC3004,IC,5,0,50,28,3.75,50,SUP004
2025-01-10,R1001,Resistor,10,0,887,7,0.01,100,SUP001
2025-01-10,R1002,Resistor,4,0,708,7,0.01,100,SUP001
2025-01-10,C2001,Capacitor,7,0,566,10,0.02,200,SUP002
2025-01-10,C2002,Capacitor,4,0,346,14,0.05,200,SUP002
2025-01-10,IC3001,IC,4,0,90,21,2.5,50,SUP003
2025-01-10,IC3002,IC,0,0,110,10,0.35,50,SUP003
2025-01-10,R1003,Resistor,11,0,804,7,0.01,100,SUP001
2025-01-10,C2003,Capacitor,5,0,462,10,0.03,200,SUP002
2025-01-10,IC3003,IC,4,0,61,12,0.4,50,SUP003
2025-01-10,IC3004,IC,4,0,46,28,3.75,50,SUP004
2025-01-11,R1001,Resistor,14,0,873,7,0.01,100,SUP001
2025-01-11,R1002,Resistor,9,0,699,7,0.01,100,SUP001
2025-01-11,C2001,Capacitor,1,0,565,10,0.02,200,SUP002
2025-01-11,C2002,Capacitor,5,0,341,14,0.05,200,SUP002
2025-01-11,IC3001,IC,2,0,88,21,2.5,50,SUP003
2025-01-11,IC3002,IC,3,0,107,10,0.35,50,SUP003
2025-01-11,R1003,Resistor,11,0,793,7,0.01,100,SUP001
2025-01-11,C2003,Capacitor,1,0,461,10,0.03,200,SUP002
2025-01-11,IC3003,IC,6,0,55,12,0.4,50,SUP003
2025-01-11,IC3004,IC,2,0,44,28,3.75,50,SUP004
2025-01-12,R1001,Resistor,4,0,869,7,0.01,100,SUP001
2025-01-12,R1002,Resistor,12,0,687,7,0.01,100,SUP001
2025-01-12,C2001,Capacitor,7,0,558,10,0.02,200,SUP002
2025-01-12,C2002,Capacitor,5,0,336,14,0.05,200,SUP002
2025-01-12,IC3001,IC,1,0,87,21,2.5,50,SUP003
2025-01-12,IC3002,IC,7,0,100,10,0.35,50,SUP003
2025-01-12,R1003,Resistor,8,0,785,7,0.01,100,SUP001
2025-01-12,C2003,Capacitor,4,0,457,10,0.03,200,SUP002
2025-01-12,IC3003,IC,3,0,52,12,0.4,50,SUP003
2025-01-12,IC3004,IC,0,0,44,28,3.75,50,SUP004
2025-01-13,R1001,Resistor,6,0,863,7,0.01,100,SUP001
2025-01-13,R1002,Resistor,7,0,680,7,0.01,100,SUP001
2025-01-13,C2001,Capacitor,7,0,551,10,0.02,200,SUP002
2025-01-13,C2002,Capacitor,4,0,332,14,0.05,200,SUP002
2025-01-13,IC3001,IC,8,0,79,21,2.5,50,SUP003
2025-01-13,IC3002,IC,1,0,99,10,0.35,50,SUP003
2025-01-13,R1003,Resistor,16,0,769,7,0.01,100,SUP001
2025-01-13,C2003,Capacitor,9,0,448,10,0.03,200,SUP002
2025-01-13,IC3003,IC,7,0,45,12,0.4,50,SUP003
2025-01-13,IC3004,IC,9,0,35,28,3.75,50,SUP004
2025-01-14,R1001,Resistor,6,0,857,7,0.01,100,SUP001
2025-01-14,R1002,Resistor,8,0,672,7,0.01,100,SUP001
2025-01-14,C2001,Capacitor,3,0,548,10,0.02,200,SUP002
2025-01-14,C2002,Capacitor,3,0,329,14,0.05,200,SUP002
2025-01-14,IC3001,IC,0,0,79,21,2.5,50,SUP003
2025-01-14,IC3002,IC,8,0,91,10,0.35,50,SUP003
2025-01-14,R1003,Resistor,8,0,761,7,0.01,100,SUP001
2025-01-14,C2003,Capacitor,2,0,446,10,0.03,200,SUP002
2025-01-14,IC3003,IC,5,0,40,12,0.4,50,SUP003
2025-01-14,IC3004,IC,3,0,32,28,3.75,50,SUP004
2025-01-15,R1001,Resistor,10,0,847,7,0.01,100,SUP001
2025-01-15,R1002,Resistor,6,0,666,7,0.01,100,SUP001
2025-01-15,C2001,Capacitor,7,0,541,10,0.02,200,SUP002
2025-01-15,C2002,Capacitor,1,0,328,14,0.05,200,SUP002
2025-01-15,IC3001,IC,2,0,77,21,2.5,50,SUP003
2025-01-15,IC3002,IC,2,0,89,10,0.35,50,SUP003
2025-01-15,R1003,Resistor,8,0,753,7,0.01,100,SUP001
2025-01-15,C2003,Capacitor,3,0,443,10,0.03,200,SUP002
2025-01-15,IC3003,IC,2,0,38,12,0.4,50,SUP003
2025-01-15,IC3004,IC,7,0,25,28,3.75,50,SUP004
2025-01-16,R1001,Resistor,12,0,835,7,0.01,100,SUP001
2025-01-16,R1002,Resistor,10,0,656,7,0.01,100,SUP001
2025-01-16,C2001,Capacitor,3,0,538,10,0.02,200,SUP002
2025-01-16,C2002,Capacitor,3,0,325,14,0.05,200,SUP002
2025-01-16,IC3001,IC,4,0,73,21,2.5,50,SUP003
2025-01-16,IC3002,IC,4,0,85,10,0.35,50,SUP003
2025-01-16,R1003,Resistor,7,0,746,7,0.01,100,SUP001
2025-01-16,C2003,Capacitor,4,0,439,10,0.03,200,SUP002
2025-01-16,IC3003,IC,7,0,31,12,0.4,50,SUP003
2025-01-16,IC3004,IC,1,0,24,28,3.75,50,SUP004
2025-01-17,R1001,Resistor,9,0,826,7,0.01,100,SUP001
2025-01-17,R1002,Resistor,13,0,643,7,0.01,100,SUP001
2025-01-17,C2001,Capacitor,9,0,529,10,0.02,200,SUP002
2025-01-17,C2002,Capacitor,9,0,316,14,0.05,200,SUP002
2025-01-17,IC3001,IC,8,0,65,21,2.5,50,SUP003
2025-01-17,IC3002,IC,6,0,79,10,0.35,50,SUP003
2025-01-17,R1003,Resistor,3,0,743,7,0.01,100,SUP001
2025-01-17,C2003,Capacitor,4,0,435,10,0.03,200,SUP002
2025-01-17,IC3003,IC,4,0,27,12,0.4,50,SUP003
2025-01-17,IC3004,IC,3,0,21,28,3.75,50,SUP004
2025-01-18,R1001,Resistor,9,0,817,7,0.01,100,SUP001
2025-01-18,R1002,Resistor,11,0,632,7,0.01,100,SUP001
2025-01-18,C2001,Capacitor,1,0,528,10,0.02,200,SUP002
2025-01-18,C2002,Capacitor,3,0,313,14,0.05,200,SUP002
2025-01-18,IC3001,IC,6,0,59,21,2.5,50,SUP003
2025-01-18,IC3002,IC,9,0,70,10,0.35,50,SUP003
2025-01-18,R1003,Resistor,11,0,732,7,0.01,100,SUP001
2025-01-18,C2003,Capacitor,6,0,429,10,0.03,200,SUP002
2025-01-18,IC3003,IC,2,0,25,12,0.4,50,SUP003
2025-01-18,IC3004,IC,6,0,15,28,3.75,50,SUP004
2025-01-19,R1001,Resistor,8,0,809,7,0.01,100,SUP001
2025-01-19,R1002,Resistor,7,0,625,7,0.01,100,SUP001
2025-01-19,C2001,Capacitor,1,0,527,10,0.02,200,SUP002
2025-01-19,C2002,Capacitor,10,0,303,14,0.05,200,SUP002
2025-01-19,IC3001,IC,5,0,54,21,2.5,50,SUP003
2025-01-19,IC3002,IC,7,0,63,10,0.35,50,SUP003
2025-01-19,R1003,Resistor,4,0,728,7,0.01,100,SUP001
2025-01-19,C2003,Capacitor,5,0,424,10,0.03,200,SUP002
2025-01-19,IC3003,IC,4,0,21,12,0.4,50,SUP003
2025-01-19,IC3004,IC,5,0,10,28,3.75,50,SUP004
2025-01-20,R1001,Resistor,11,0,798,7,0.01,100,SUP001
2025-01-20,R1002,Resistor,14,0,611,7,0.01,100,SUP001
2025-01-20,C2001,Capacitor,2,0,525,10,0.02,200,SUP002
2025-01-20,C2002,Capacitor,9,0,294,14,0.05,200,SUP002
2025-01-20,IC3001,IC,4,0,50,21,2.5,50,SUP003
2025-01-20,IC3002,IC,10,0,53,10,0.35,50,SUP003
2025-01-20,R1003,Resistor,9,0,719,7,0.01,100,SUP001
2025-01-20,C2003,Capacitor,1,0,423,10,0.03,200,SUP002
2025-01-20,IC3003,IC,6,0,15,12,0.4,50,SUP003
2025-01-20,IC3004,IC,3,0,7,28,3.75,50,SUP004
2025-01-21,R1001,Resistor,8,0,790,7,0.01,100,SUP001
2025-01-21,R1002,Resistor,3,0,608,7,0.01,100,SUP001
2025-01-21,C2001,Capacitor,8,0,517,10,0.02,200,SUP002
2025-01-21,C2002,Capacitor,6,0,288,14,0.05,200,SUP002
2025-01-21,IC3001,IC,8,0,42,21,2.5,50,SUP003
2025-01-21,IC3002,IC,4,0,49,10,0.35,50,SUP003
2025-01-21,R1003,Resistor,7,0,712,7,0.01,100,SUP001
2025-01-21,C2003,Capacitor,2,0,421,10,0.03,200,SUP002
2025-01-21,IC3003,IC,5,0,10,12,0.4,50,SUP003
2025-01-21,IC3004,IC,2,0,5,28,3.75,50,SUP004
2025-01-22,R1001,Resistor,3,0,787,7,0.01,100,SUP001
2025-01-22,R1002,Resistor,8,0,600,7,0.01,100,SUP001
2025-01-22,C2001,Capacitor,6,0,511,10,0.02,200,SUP002
2025-01-22,C2002,Capacitor,3,0,285,14,0.05,200,SUP002
2025-01-22,IC3001,IC,2,0,40,21,2.5,50,SUP003
2025-01-22,IC3002,IC,1,0,48,10,0.35,50,SUP003
2025-01-22,R1003,Resistor,5,0,707,7,0.01,100,SUP001
2025-01-22,C2003,Capacitor,5,0,416,10,0.03,200,SUP002
2025-01-22,IC3003,IC,2,0,8,12,0.4,50,SUP003
2025-01-22,IC3004,IC,4,0,1,28,3.75,50,SUP004
2025-01-23,R1001,Resistor,6,0,781,7,0.01,100,SUP001
2025-01-23,R1002,Resistor,18,0,582,7,0.01,100,SUP001
2025-01-23,C2001,Capacitor,3,0,508,10,0.02,200,SUP002
2025-01-23,C2002,Capacitor,14,0,271,14,0.05,200,SUP002
2025-01-23,IC3001,IC,2,0,38,21,2.5,50,SUP003
2025-01-23,IC3002,IC,5,0,43,10,0.35,50,SUP003
2025-01-23,R1003,Resistor,10,0,697,7,0.01,100,SUP001
2025-01-23,C2003,Capacitor,8,0,408,10,0.03,200,SUP002
2025-01-23,IC3003,IC,3,0,5,12,0.4,50,SUP003
2025-01-23,IC3004,IC,6,0,-5,28,3.75,50,SUP004
2025-01-24,R1001,Resistor,11,0,770,7,0.01,100,SUP001
2025-01-24,R1002,Resistor,12,0,570,7,0.01,100,SUP001
2025-01-24,C2001,Capacitor,3,0,505,10,0.02,200,SUP002
2025-01-24,C2002,Capacitor,5,0,266,14,0.05,200,SUP002
2025-01-24,IC3001,IC,3,0,35,21,2.5,50,SUP003
2025-01-24,IC3002,IC,4,0,39,10,0.35,50,SUP003
2025-01-24,R1003,Resistor,13,0,684,7,0.01,100,SUP001
2025-01-24,C2003,Capacitor,1,0,407,10,0.03,200,SUP002
2025-01-24,IC3003,IC,5,0,0,12,0.4,50,SUP003
2025-01-24,IC3004,IC,4,0,-9,28,3.75,50,SUP004
2025-01-25,R1001,Resistor,3,0,767,7,0.01,100,SUP001
2025-01-25,R1002,Resistor,5,0,565,7,0.01,100,SUP001
2025-01-25,C2001,Capacitor,3,0,502,10,0.02,200,SUP002
2025-01-25,C2002,Capacitor,3,0,263,14,0.05,200,SUP002
2025-01-25,IC3001,IC,2,0,33,21,2.5,50,SUP003
2025-01-25,IC3002,IC,7,0,32,10,0.35,50,SUP003
2025-01-25,R1003,Resistor,10,0,674,7,0.01,100,SUP001
2025-01-25,C2003,Capacitor,2,0,405,10,0.03,200,SUP002
2025-01-25,IC3003,IC,5,0,-5,12,0.4,50,SUP003
2025-01-25,IC3004,IC,2,0,-11,28,3.75,50,SUP004
2025-01-26,R1001,Resistor,14,0,753,7,0.01,100,SUP001
2025-01-26,R1002,Resistor,5,0,560,7,0.01,100,SUP001
2025-01-26,C2001,Capacitor,6,0,496,10,0.02,200,SUP002
2025-01-26,C2002,Capacitor,2,0,261,14,0.05,200,SUP002
2025-01-26,IC3001,IC,3,0,30,21,2.5,50,SUP003
2025-01-26,IC3002,IC,10,0,22,10,0.35,50,SUP003
2025-01-26,R1003,Resistor,5,0,669,7,0.01,100,SUP001
2025-01-26,C2003,Capacitor,3,0,402,10,0.03,200,SUP002
2025-01-26,IC3003,IC,4,0,-9,12,0.4,50,SUP003
2025-01-26,IC3004,IC,3,0,-14,28,3.75,50,SUP004
2025-01-27,R1001,Resistor,3,0,750,7,0.01,100,SUP001
2025-01-27,R1002,Resistor,7,0,553,7,0.01,100,SUP001
2025-01-27,C2001,Capacitor,3,0,493,10,0.02,200,SUP002
2025-01-27,C2002,Capacitor,2,0,259,14,0.05,200,SUP002
2025-01-27,IC3001,IC,6,0,24,21,2.5,50,SUP003
2025-01-27,IC3002,IC,3,0,19,10,0.35,50,SUP003
2025-01-27,R1003,Resistor,11,0,658,7,0.01,100,SUP001
2025-01-27,C2003,Capacitor,4,0,398,10,0.03,200,SUP002
2025-01-27,IC3003,IC,5,0,-14,12,0.4,50,SUP003
2025-01-27,IC3004,IC,4,0,-18,28,3.75,50,SUP004
2025-01-28,R1001,Resistor,11,0,739,7,0.01,100,SUP001
2025-01-28,R1002,Resistor,14,0,539,7,0.01,100,SUP001
2025-01-28,C2001,Capacitor,4,0,489,10,0.02,200,SUP002
2025-01-28,C2002,Capacitor,3,0,256,14,0.05,200,SUP002
2025-01-28,IC3001,IC,5,0,19,21,2.5,50,SUP003
2025-01-28,IC3002,IC,7,0,12,10,0.35,50,SUP003
2025-01-28,R1003,Resistor,9,0,649,7,0.01,100,SUP001
2025-01-28,C2003,Capacitor,10,0,388,10,0.03,200,SUP002
2025-01-28,IC3003,IC,1,0,-15,12,0.4,50,SUP003
2025-01-28,IC3004,IC,5,0,-23,28,3.75,50,SUP004
2025-01-29,R1001,Resistor,12,0,727,7,0.01,100,SUP001
2025-01-29,R1002,Resistor,6,0,533,7,0.01,100,SUP001
2025-01-29,C2001,Capacitor,6,0,483,10,0.02,200,SUP002
2025-01-29,C2002,Capacitor,9,0,247,14,0.05,200,SUP002
2025-01-29,IC3001,IC,5,0,14,21,2.5,50,SUP003
2025-01-29,IC3002,IC,3,0,9,10,0.35,50,SUP003
2025-01-29,R1003,Resistor,3,0,646,7,0.01,100,SUP001
2025-01-29,C2003,Capacitor,1,0,387,10,0.03,200,SUP002
2025-01-29,IC3003,IC,4,0,-19,12,0.4,50,SUP003
2025-01-29,IC3004,IC,1,0,-24,28,3.75,50,SUP004
2025-01-30,R1001,Resistor,8,0,719,7,0.01,100,SUP001
2025-01-30,R1002,Resistor,10,0,523,7,0.01,100,SUP001
2025-01-30,C2001,Capacitor,5,0,478,10,0.02,200,SUP002
2025-01-30,C2002,Capacitor,4,0,243,14,0.05,200,SUP002
2025-01-30,IC3001,IC,3,0,11,21,2.5,50,SUP003
2025-01-30,IC3002,IC,7,0,2,10,0.35,50,SUP003
2025-01-30,R1003,Resistor,7,0,639,7,0.01,100,SUP001
2025-01-30,C2003,Capacitor,5,0,382,10,0.03,200,SUP002
2025-01-30,IC3003,IC,3,0,-22,12,0.4,50,SUP003
2025-01-30,IC3004,IC,6,0,-30,28,3.75,50,SUP004
2025-01-31,R1001,Resistor,8,0,711,7,0.01,100,SUP001
2025-01-31,R1002,Resistor,12,0,511,7,0.01,100,SUP001
2025-01-31,C2001,Capacitor,1,0,477,10,0.02,200,SUP002
2025-01-31,C2002,Capacitor,2,0,241,14,0.05,200,SUP002
2025-01-31,IC3001,IC,1,0,10,21,2.5,50,SUP003
2025-01-31,IC3002,IC,5,0,-3,10,0.35,50,SUP003
2025-01-31,R1003,Resistor,13,0,626,7,0.01,100,SUP001
2025-01-31,C2003,Capacitor,3,0,379,10,0.03,200,SUP002
2025-01-31,IC3003,IC,4,0,-26,12,0.4,50,SUP003
2025-01-31,IC3004,IC,2,0,-32,28,3.75,50,SUP004
2025-02-01,R1001,Resistor,15,0,696,7,0.01,100,SUP001
2025-02-01,R1002,Resistor,13,0,498,7,0.01,100,SUP001
2025-02-01,C2001,Capacitor,6,0,471,10,0.02,200,SUP002
2025-02-01,C2002,Capacitor,4,0,237,14,0.05,200,SUP002
2025-02-01,IC3001,IC,4,0,6,21,2.5,50,SUP003
2025-02-01,IC3002,IC,1,0,-4,10,0.35,50,SUP003
2025-02-01,R1003,Resistor,9,0,617,7,0.01,100,SUP001
2025-02-01,C2003,Capacitor,1,0,378,10,0.03,200,SUP002
2025-02-01,IC3003,IC,6,0,-32,12,0.4,50,SUP003
2025-02-01,IC3004,IC,0,0,-32,28,3.75,50,SUP004
2025-02-02,R1001,Resistor,14,0,682,7,0.01,100,SUP001
2025-02-02,R1002,Resistor,22,0,476,7,0.01,100,SUP001
2025-02-02,C2001,Capacitor,5,0,466,10,0.02,200,SUP002
2025-02-02,C2002,Capacitor,6,0,231,14,0.05,200,SUP002
2025-02-02,IC3001,IC,7,0,-1,21,2.5,50,SUP003
2025-02-02,IC3002,IC,7,0,-11,10,0.35,50,SUP003
2025-02-02,R1003,Resistor,16,0,601,7,0.01,100,SUP001
2025-02-02,C2003,Capacitor,3,0,375,10,0.03,200,SUP002
2025-02-02,IC3003,IC,1,0,-33,12,0.4,50,SUP003
2025-02-02,IC3004,IC,4,0,-36,28,3.75,50,SUP004
2025-02-03,R1001,Resistor,7,0,675,7,0.01,100,SUP001
2025-02-03,R1002,Resistor,12,0,464,7,0.01,100,SUP001
2025-02-03,C2001,Capacitor,5,0,461,10,0.02,200,SUP002
2025-02-03,C2002,Capacitor,6,0,225,14,0.05,200,SUP002
2025-02-03,IC3001,IC,5,0,-6,21,2.5,50,SUP003
2025-02-03,IC3002,IC,6,0,-17,10,0.35,50,SUP003
2025-02-03,R1003,Resistor,8,0,593,7,0.01,100,SUP001
2025-02-03,C2003,Capacitor,5,0,370,10,0.03,200,SUP002
2025-02-03,IC3003,IC,3,0,-36,12,0.4,50,SUP003
2025-02-03,IC3004,IC,3,0,-39,28,3.75,50,SUP004
2025-02-04,R1001,Resistor,13,0,662,7,0.01,100,SUP001
2025-02-04,R1002,Resistor,9,0,455,7,0.01,100,SUP001
2025-02-04,C2001,Capacitor,4,0,457,10,0.02,200,SUP002
2025-02-04,C2002,Capacitor,5,0,220,14,0.05,200,SUP002
2025-02-04,IC3001,IC,4,0,-10,21,2.5,50,SUP003
2025-02-04,IC3002,IC,1,0,-18,10,0.35,50,SUP003
2025-02-04,R1003,Resistor,15,0,578,7,0.01,100,SUP001
2025-02-04,C2003,Capacitor,3,0,367,10,0.03,200,SUP002
2025-02-04,IC3003,IC,9,0,-45,12,0.4,50,SUP003
2025-02-04,IC3004,IC,7,0,-46,28,3.75,50,SUP004
2025-02-05,R1001,Resistor,5,0,657,7,0.01,100,SUP001
2025-02-05,R1002,Resistor,13,0,442,7,0.01,100,SUP001
2025-02-05,C2001,Capacitor,4,0,453,10,0.02,200,SUP002
2025-02-05,C2002,Capacitor,10,0,210,14,0.05,200,SUP002
2025-02-05,IC3001,IC,6,0,-16,21,2.5,50,SUP003
2025-02-05,IC3002,IC,0,0,-18,10,0.35,50,SUP003
2025-02-05,R1003,Resistor,18,0,560,7,0.01,100,SUP001
2025-02-05,C2003,Capacitor,8,0,359,10,0.03,200,SUP002
2025-02-05,IC3003,IC,5,0,-50,12,0.4,50,SUP003
2025-02-05,IC3004,IC,7,0,-53,28,3.75,50,SUP004
2025-02-06,R1001,Resistor,1,0,656,7,0.01,100,SUP001
2025-02-06,R1002,Resistor,7,0,435,7,0.01,100,SUP001
2025-02-06,C2001,Capacitor,3,0,450,10,0.02,200,SUP002
2025-02-06,C2002,Capacitor,1,0,209,14,0.05,200,SUP002
2025-02-06,IC3001,IC,7,0,-23,21,2.5,50,SUP003
2025-02-06,IC3002,IC,1,0,-19,10,0.35,50,SUP003
2025-02-06,R1003,Resistor,7,0,553,7,0.01,100,SUP001
2025-02-06,C2003,Capacitor,1,0,358,10,0.03,200,SUP002
2025-02-06,IC3003,IC,6,0,-56,12,0.4,50,SUP003
2025-02-06,IC3004,IC,2,0,-55,28,3.75,50,SUP004
2025-02-07,R1001,Resistor,14,0,642,7,0.01,100,SUP001
2025-02-07,R1002,Resistor,9,0,426,7,0.01,100,SUP001
2025-02-07,C2001,Capacitor,2,0,448,10,0.02,200,SUP002
2025-02-07,C2002,Capacitor,3,0,206,14,0.05,200,SUP002
2025-02-07,IC3001,IC,5,0,-28,21,2.5,50,SUP003
2025-02-07,IC3002,IC,1,0,-20,10,0.35,50,SUP003
2025-02-07,R1003,Resistor,7,0,546,7,0.01,100,SUP001
2025-02-07,C2003,Capacitor,6,0,352,10,0.03,200,SUP002
2025-02-07,IC3003,IC,1,0,-57,12,0.4,50,SUP003
2025-02-07,IC3004,IC,6,0,-61,28,3.75,50,SUP004
2025-02-08,R1001,Resistor,8,0,634,7,0.01,100,SUP001
2025-02-08,R1002,Resistor,10,0,416,7,0.01,100,SUP001
2025-02-08,C2001,Capacitor,2,0,446,10,0.02,200,SUP002
2025-02-08,C2002,Capacitor,4,0,202,14,0.05,200,SUP002
2025-02-08,IC3001,IC,5,0,-33,21,2.5,50,SUP003
2025-02-08,IC3002,IC,5,0,-25,10,0.35,50,SUP003
2025-02-08,R1003,Resistor,17,0,529,7,0.01,100,SUP001
2025-02-08,C2003,Capacitor,0,0,352,10,0.03,200,SUP002
2025-02-08,IC3003,IC,2,0,-59,12,0.4,50,SUP003
2025-02-08,IC3004,IC,9,0,-70,28,3.75,50,SUP004
2025-02-09,R1001,Resistor,15,0,619,7,0.01,100,SUP001
2025-02-09,R1002,Resistor,8,0,408,7,0.01,100,SUP001
2025-02-09,C2001,Capacitor,2,0,444,10,0.02,200,SUP002
2025-02-09,C2002,Capacitor,9,0,193,14,0.05,200,SUP002
2025-02-09,IC3001,IC,8,0,-41,21,2.5,50,SUP003
2025-02-09,IC3002,IC,3,0,-28,10,0.35,50,SUP003
2025-02-09,R1003,Resistor,12,0,517,7,0.01,100,SUP001
2025-02-09,C2003,Capacitor,4,0,348,10,0.03,200,SUP002
2025-02-09,IC3003,IC,6,0,-65,12,0.4,50,SUP003
2025-02-09,IC3004,IC,4,0,-74,28,3.75,50,SUP004
2025-02-10,R1001,Resistor,6,0,613,7,0.01,100,SUP001
2025-02-10,R1002,Resistor,8,0,400,7,0.01,100,SUP001
2025-02-10,C2001,Capacitor,0,0,444,10,0.02,200,SUP002
2025-02-10,C2002,Capacitor,6,0,187,14,0.05,200,SUP002
2025-02-10,IC3001,IC,2,0,-43,21,2.5,50,SUP003
2025-02-10,IC3002,IC,4,0,-32,10,0.35,50,SUP003
2025-02-10,R1003,Resistor,10,0,507,7,0.01,100,SUP001
2025-02-10,C2003,Capacitor,1,0,347,10,0.03,200,SUP002
2025-02-10,IC3003,IC,5,0,-70,12,0.4,50,SUP003
2025-02-10,IC3004,IC,6,0,-80,28,3.75,50,SUP004
2025-02-11,R1001,Resistor,8,0,605,7,0.01,100,SUP001
2025-02-11,R1002,Resistor,6,0,394,7,0.01,100,SUP001
2025-02-11,C2001,Capacitor,7,0,437,10,0.02,200,SUP002
2025-02-11,C2002,Capacitor,3,0,184,14,0.05,200,SUP002
2025-02-11,IC3001,IC,4,0,-47,21,2.5,50,SUP003
2025-02-11,IC3002,IC,8,0,-40,10,0.35,50,SUP003
2025-02-11,R1003,Resistor,3,0,504,7,0.01,100,SUP001
2025-02-11,C2003,Capacitor,6,0,341,10,0.03,200,SUP002
2025-02-11,IC3003,IC,7,0,-77,12,0.4,50,SUP003
2025-02-11,IC3004,IC,4,0,-84,28,3.75,50,SUP004
2025-02-12,R1001,Resistor,14,0,591,7,0.01,100,SUP001
2025-02-12,R1002,Resistor,14,0,380,7,0.01,100,SUP001
2025-02-12,C2001,Capacitor,3,0,434,10,0.02,200,SUP002
2025-02-12,C2002,Capacitor,4,0,180,14,0.05,200,SUP002
2025-02-12,IC3001,IC,5,0,-52,21,2.5,50,SUP003
2025-02-12,IC3002,IC,1,0,-41,10,0.35,50,SUP003
2025-02-12,R1003,Resistor,8,0,496,7,0.01,100,SUP001
2025-02-12,C2003,Capacitor,3,0,338,10,0.03,200,SUP002
2025-02-12,IC3003,IC,4,0,-81,12,0.4,50,SUP003
2025-02-12,IC3004,IC,5,0,-89,28,3.75,50,SUP004
2025-02-13,R1001,Resistor,13,0,578,7,0.01,100,SUP001
2025-02-13,R1002,Resistor,4,0,376,7,0.01,100,SUP001
2025-02-13,C2001,Capacitor,1,0,433,10,0.02,200,SUP002
2025-02-13,C2002,Capacitor,3,0,177,14,0.05,200,SUP002
2025-02-13,IC3001,IC,7,0,-59,21,2.5,50,SUP003
2025-02-13,IC3002,IC,4,0,-45,10,0.35,50,SUP003
2025-02-13,R1003,Resistor,18,0,478,7,0.01,100,SUP001
2025-02-13,C2003,Capacitor,10,0,328,10,0.03,200,SUP002
2025-02-13,IC3003,IC,7,0,-88,12,0.4,50,SUP003
2025-02-13,IC3004,IC,8,0,-97,28,3.75,50,SUP004
2025-02-14,R1001,Resistor,5,0,573,7,0.01,100,SUP001
2025-02-14,R1002,Resistor,12,0,364,7,0.01,100,SUP001
2025-02-14,C2001,Capacitor,3,0,430,10,0.02,200,SUP002
2025-02-14,C2002,Capacitor,2,0,175,14,0.05,200,SUP002
2025-02-14,IC3001,IC,2,0,-61,21,2.5,50,SUP003
2025-02-14,IC3002,IC,0,0,-45,10,0.35,50,SUP003
2025-02-14,R1003,Resistor,10,0,468,7,0.01,100,SUP001
2025-02-14,C2003,Capacitor,9,0,319,10,0.03,200,SUP002
2025-02-14,IC3003,IC,3,0,-91,12,0.4,50,SUP003
2025-02-14,IC3004,IC,10,0,-107,28,3.75,50,SUP004
2025-02-15,R1001,Resistor,14,0,559,7,0.01,100,SUP001
2025-02-15,R1002,Resistor,11,0,353,7,0.01,100,SUP001
2025-02-15,C2001,Capacitor,8,0,422,10,0.02,200,SUP002
2025-02-15,C2002,Capacitor,2,0,173,14,0.05,200,SUP002
2025-02-15,IC3001,IC,3,0,-64,21,2.5,50,SUP003
2025-02-15,IC3002,IC,5,0,-50,10,0.35,50,SUP003
2025-02-15,R1003,Resistor,15,0,453,7,0.01,100,SUP001
2025-02-15,C2003,Capacitor,0,0,319,10,0.03,200,SUP002
2025-02-15,IC3003,IC,2,0,-93,12,0.4,50,SUP003
2025-02-15,IC3004,IC,3,0,-110,28,3.75,50,SUP004
2025-02-16,R1001,Resistor,13,0,546,7,0.01,100,SUP001
2025-02-16,R1002,Resistor,3,0,350,7,0.01,100,SUP001
2025-02-16,C2001,Capacitor,2,0,420,10,0.02,200,SUP002
2025-02-16,C2002,Capacitor,6,0,167,14,0.05,200,SUP002
2025-02-16,IC3001,IC,3,0,-67,21,2.5,50,SUP003
2025-02-16,IC3002,IC,0,0,-50,10,0.35,50,SUP003
2025-02-16,R1003,Resistor,9,0,444,7,0.01,100,SUP001
2025-02-16,C2003,Capacitor,1,0,318,10,0.03,200,SUP002
2025-02-16,IC3003,IC,9,0,-102,12,0.4,50,SUP003
2025-02-16,IC3004,IC,4,0,-114,28,3.75,50,SUP004
2025-02-17,R1001,Resistor,9,0,537,7,0.01,100,SUP001
2025-02-17,R1002,Resistor,5,0,345,7,0.01,100,SUP001
2025-02-17,C2001,Capacitor,6,0,414,10,0.02,200,SUP002
2025-02-17,C2002,Capacitor,7,0,160,14,0.05,200,SUP002
2025-02-17,IC3001,IC,2,0,-69,21,2.5,50,SUP003
2025-02-17,IC3002,IC,8,0,-58,10,0.35,50,SUP003
2025-02-17,R1003,Resistor,7,0,437,7,0.01,100,SUP001
2025-02-17,C2003,Capacitor,5,0,313,10,0.03,200,SUP002
2025-02-17,IC3003,IC,6,0,-108,12,0.4,50,SUP003
2025-02-17,IC3004,IC,3,0,-117,28,3.75,50,SUP004
2025-02-18,R1001,Resistor,9,0,528,7,0.01,100,SUP001
2025-02-18,R1002,Resistor,9,0,336,7,0.01,100,SUP001
2025-02-18,C2001,Capacitor,4,0,410,10,0.02,200,SUP002
2025-02-18,C2002,Capacitor,5,0,155,14,0.05,200,SUP002
2025-02-18,IC3001,IC,1,0,-70,21,2.5,50,SUP003
2025-02-18,IC3002,IC,5,0,-63,10,0.35,50,SUP003
2025-02-18,R1003,Resistor,11,0,426,7,0.01,100,SUP001
2025-02-18,C2003,Capacitor,4,0,309,10,0.03,200,SUP002
2025-02-18,IC3003,IC,2,0,-110,12,0.4,50,SUP003
2025-02-18,IC3004,IC,7,0,-124,28,3.75,50,SUP004
2025-02-19,R1001,Resistor,9,0,519,7,0.01,100,SUP001
2025-02-19,R1002,Resistor,9,0,327,7,0.01,100,SUP001
2025-02-19,C2001,Capacitor,7,0,403,10,0.02,200,SUP002
2025-02-19,C2002,Capacitor,3,0,152,14,0.05,200,SUP002
2025-02-19,IC3001,IC,5,0,-75,21,2.5,50,SUP003
2025-02-19,IC3002,IC,7,0,-70,10,0.35,50,SUP003
2025-02-19,R1003,Resistor,9,0,417,7,0.01,100,SUP001
2025-02-19,C2003,Capacitor,6,0,303,10,0.03,200,SUP002
2025-02-19,IC3003,IC,0,0,-110,12,0.4,50,SUP003
2025-02-19,IC3004,IC,5,0,-129,28,3.75,50,SUP004
2025-02-20,R1001,Resistor,4,0,515,7,0.01,100,SUP001
2025-02-20,R1002,Resistor,11,0,316,7,0.01,100,SUP001
2025-02-20,C2001,Capacitor,7,0,396,10,0.02,200,SUP002
2025-02-20,C2002,Capacitor,3,0,149,14,0.05,200,SUP002
2025-02-20,IC3001,IC,5,0,-80,21,2.5,50,SUP003
2025-02-20,IC3002,IC,4,0,-74,10,0.35,50,SUP003
2025-02-20,R1003,Resistor,7,0,410,7,0.01,100,SUP001
2025-02-20,C2003,Capacitor,0,0,303,10,0.03,200,SUP002
2025-02-20,IC3003,IC,6,0,-116,12,0.4,50,SUP003
2025-02-20,IC3004,IC,1,0,-130,28,3.75,50,SUP004
2025-02-21,R1001,Resistor,13,0,502,7,0.01,100,SUP001
2025-02-21,R1002,Resistor,12,0,304,7,0.01,100,SUP001
2025-02-21,C2001,Capacitor,8,0,388,10,0.02,200,SUP002
2025-02-21,C2002,Capacitor,3,0,146,14,0.05,200,SUP002
2025-02-21,IC3001,IC,0,0,-80,21,2.5,50,SUP003
2025-02-21,IC3002,IC,1,0,-75,10,0.35,50,SUP003
2025-02-21,R1003,Resistor,15,0,395,7,0.01,100,SUP001
2025-02-21,C2003,Capacitor,11,0,292,10,0.03,200,SUP002
2025-02-21,IC3003,IC,3,0,-119,12,0.4,50,SUP003
2025-02-21,IC3004,IC,4,0,-134,28,3.75,50,SUP004
2025-02-22,R1001,Resistor,9,0,493,7,0.01,100,SUP001
2025-02-22,R1002,Resistor,9,0,295,7,0.01,100,SUP001
2025-02-22,C2001,Capacitor,4,0,384,10,0.02,200,SUP002
2025-02-22,C2002,Capacitor,9,0,137,14,0.05,200,SUP002
2025-02-22,IC3001,IC,6,0,-86,21,2.5,50,SUP003
2025-02-22,IC3002,IC,6,0,-81,10,0.35,50,SUP003
2025-02-22,R1003,Resistor,7,0,388,7,0.01,100,SUP001
2025-02-22,C2003,Capacitor,1,0,291,10,0.03,200,SUP002
2025-02-22,IC3003,IC,10,0,-129,12,0.4,50,SUP003
2025-02-22,IC3004,IC,3,0,-137,28,3.75,50,SUP004
2025-02-23,R1001,Resistor,15,0,478,7,0.01,100,SUP001
2025-02-23,R1002,Resistor,8,0,287,7,0.01,100,SUP001
2025-02-23,C2001,Capacitor,9,0,375,10,0.02,200,SUP002
2025-02-23,C2002,Capacitor,3,0,134,14,0.05,200,SUP002
2025-02-23,IC3001,IC,11,0,-97,21,2.5,50,SUP003
2025-02-23,IC3002,IC,3,0,-84,10,0.35,50,SUP003
2025-02-23,R1003,Resistor,16,0,372,7,0.01,100,SUP001
2025-02-23,C2003,Capacitor,2,0,289,10,0.03,200,SUP002
2025-02-23,IC3003,IC,7,0,-136,12,0.4,50,SUP003
2025-02-23,IC3004,IC,2,0,-139,28,3.75,50,SUP004
2025-02-24,R1001,Resistor,12,0,466,7,0.01,100,SUP001
2025-02-24,R1002,Resistor,11,0,276,7,0.01,100,SUP001
2025-02-24,C2001,Capacitor,4,0,371,10,0.02,200,SUP002
2025-02-24,C2002,Capacitor,3,0,131,14,0.05,200,SUP002
2025-02-24,IC3001,IC,4,0,-101,21,2.5,50,SUP003
2025-02-24,IC3002,IC,3,0,-87,10,0.35,50,SUP003
2025-02-24,R1003,Resistor,17,0,355,7,0.01,100,SUP001
2025-02-24,C2003,Capacitor,3,0,286,10,0.03,200,SUP002
2025-02-24,IC3003,IC,4,0,-140,12,0.4,50,SUP003
2025-02-24,IC3004,IC,3,0,-142,28,3.75,50,SUP004
2025-02-25,R1001,Resistor,9,0,457,7,0.01,100,SUP001
2025-02-25,R1002,Resistor,10,0,266,7,0.01,100,SUP001
2025-02-25,C2001,Capacitor,11,0,360,10,0.02,200,SUP002
2025-02-25,C2002,Capacitor,4,0,127,14,0.05,200,SUP002
2025-02-25,IC3001,IC,3,0,-104,21,2.5,50,SUP003
2025-02-25,IC3002,IC,7,0,-94,10,0.35,50,SUP003
2025-02-25,R1003,Resistor,14,0,341,7,0.01,100,SUP001
2025-02-25,C2003,Capacitor,8,0,278,10,0.03,200,SUP002
2025-02-25,IC3003,IC,5,0,-145,12,0.4,50,SUP003
2025-02-25,IC3004,IC,3,0,-145,28,3.75,50,SUP004
2025-02-26,R1001,Resistor,15,0,442,7,0.01,100,SUP001
2025-02-26,R1002,Resistor,8,0,258,7,0.01,100,SUP001
2025-02-26,C2001,Capacitor,2,0,358,10,0.02,200,SUP002
2025-02-26,C2002,Capacitor,12,0,115,14,0.05,200,SUP002
2025-02-26,IC3001,IC,8,0,-112,21,2.5,50,SUP003
2025-02-26,IC3002,IC,2,0,-96,10,0.35,50,SUP003
2025-02-26,R1003,Resistor,2,0,339,7,0.01,100,SUP001
2025-02-26,C2003,Capacitor,6,0,272,10,0.03,200,SUP002
2025-02-26,IC3003,IC,7,0,-152,12,0.4,50,SUP003
2025-02-26,IC3004,IC,6,0,-151,28,3.75,50,SUP004
2025-02-27,R1001,Resistor,10,0,432,7,0.01,100,SUP001
2025-02-27,R1002,Resistor,8,0,250,7,0.01,100,SUP001
2025-02-27,C2001,Capacitor,6,0,352,10,0.02,200,SUP002
2025-02-27,C2002,Capacitor,2,0,113,14,0.05,200,SUP002
2025-02-27,IC3001,IC,1,0,-113,21,2.5,50,SUP003
2025-02-27,IC3002,IC,7,0,-103,10,0.35,50,SUP003
2025-02-27,R1003,Resistor,10,0,329,7,0.01,100,SUP001
2025-02-27,C2003,Capacitor,3,0,269,10,0.03,200,SUP002
2025-02-27,IC3003,IC,6,0,-158,12,0.4,50,SUP003
2025-02-27,IC3004,IC,3,0,-154,28,3.75,50,SUP004
2025-02-28,R1001,Resistor,5,0,427,7,0.01,100,SUP001
2025-02-28,R1002,Resistor,18,0,232,7,0.01,100,SUP001
2025-02-28,C2001,Capacitor,6,0,346,10,0.02,200,SUP002
2025-02-28,C2002,Capacitor,9,0,104,14,0.05,200,SUP002
2025-02-28,IC3001,IC,4,0,-117,21,2.5,50,SUP003
2025-02-28,IC3002,IC,7,0,-110,10,0.35,50,SUP003
2025-02-28,R1003,Resistor,6,0,323,7,0.01,100,SUP001
2025-02-28,C2003,Capacitor,5,0,264,10,0.03,200,SUP002
2025-02-28,IC3003,IC,5,0,-163,12,0.4,50,SUP003
2025-02-28,IC3004,IC,5,0,-159,28,3.75,50,SUP004
2025-03-01,R1001,Resistor,18,0,409,7,0.01,100,SUP001
2025-03-01,R1002,Resistor,3,0,229,7,0.01,100,SUP001
2025-03-01,C2001,Capacitor,7,0,339,10,0.02,200,SUP002
2025-03-01,C2002,Capacitor,7,0,97,14,0.05,200,SUP002
2025-03-01,IC3001,IC,5,0,-122,21,2.5,50,SUP003
2025-03-01,IC3002,IC,2,0,-112,10,0.35,50,SUP003
2025-03-01,R1003,Resistor,13,0,310,7,0.01,100,SUP001
2025-03-01,C2003,Capacitor,3,0,261,10,0.03,200,SUP002
2025-03-01,IC3003,IC,7,0,-170,12,0.4,50,SUP003
2025-03-01,IC3004,IC,1,0,-160,28,3.75,50,SUP004
2025-03-02,R1001,Resistor,18,0,391,7,0.01,100,SUP001
2025-03-02,R1002,Resistor,6,0,223,7,0.01,100,SUP001
2025-03-02,C2001,Capacitor,2,0,337,10,0.02,200,SUP002
2025-03-02,C2002,Capacitor,4,0,93,14,0.05,200,SUP002
2025-03-02,IC3001,IC,6,0,-128,21,2.5,50,SUP003
2025-03-02,IC3002,IC,1,0,-113,10,0.35,50,SUP003
2025-03-02,R1003,Resistor,10,0,300,7,0.01,100,SUP001
2025-03-02,C2003,Capacitor,1,0,260,10,0.03,200,SUP002
2025-03-02,IC3003,IC,8,0,-178,12,0.4,50,SUP003
2025-03-02,IC3004,IC,7,0,-167,28,3.75,50,SUP004
2025-03-03,R1001,Resistor,5,0,386,7,0.01,100,SUP001
2025-03-03,R1002,Resistor,5,0,218,7,0.01,100,SUP001
2025-03-03,C2001,Capacitor,2,0,335,10,0.02,200,SUP002
2025-03-03,C2002,Capacitor,9,0,84,14,0.05,200,SUP002
2025-03-03,IC3001,IC,3,0,-131,21,2.5,50,SUP003
2025-03-03,IC3002,IC,4,0,-117,10,0.35,50,SUP003
2025-03-03,R1003,Resistor,7,0,293,7,0.01,100,SUP001
2025-03-03,C2003,Capacitor,4,0,256,10,0.03,200,SUP002
2025-03-03,IC3003,IC,1,0,-179,12,0.4,50,SUP003
2025-03-03,IC3004,IC,8,0,-175,28,3.75,50,SUP004
2025-03-04,R1001,Resistor,2,0,384,7,0.01,100,SUP001
2025-03-04,R1002,Resistor,4,0,214,7,0.01,100,SUP001
2025-03-04,C2001,Capacitor,4,0,331,10,0.02,200,SUP002
2025-03-04,C2002,Capacitor,5,0,79,14,0.05,200,SUP002
2025-03-04,IC3001,IC,3,0,-134,21,2.5,50,SUP003
2025-03-04,IC3002,IC,3,0,-120,10,0.35,50,SUP003
2025-03-04,R1003,Resistor,7,0,286,7,0.01,100,SUP001
2025-03-04,C2003,Capacitor,6,0,250,10,0.03,200,SUP002
2025-03-04,IC3003,IC,5,0,-184,12,0.4,50,SUP003
2025-03-04,IC3004,IC,2,0,-177,28,3.75,50,SUP004
2025-03-05,R1001,Resistor,12,0,372,7,0.01,100,SUP001
2025-03-05,R1002,Resistor,4,0,210,7,0.01,100,SUP001
2025-03-05,C2001,Capacitor,4,0,327,10,0.02,200,SUP002
2025-03-05,C2002,Capacitor,6,0,73,14,0.05,200,SUP002
2025-03-05,IC3001,IC,3,0,-137,21,2.5,50,SUP003
2025-03-05,IC3002,IC,5,0,-125,10,0.35,50,SUP003
2025-03-05,R1003,Resistor,13,0,273,7,0.01,100,SUP001
2025-03-05,C2003,Capacitor,5,0,245,10,0.03,200,SUP002
2025-03-05,IC3003,IC,1,0,-185,12,0.4,50,SUP003
2025-03-05,IC3004,IC,3,0,-180,28,3.75,50,SUP004
2025-03-06,R1001,Resistor,16,0,356,7,0.01,100,SUP001
2025-03-06,R1002,Resistor,12,0,198,7,0.01,100,SUP001
2025-03-06,C2001,Capacitor,2,0,325,10,0.02,200,SUP002
2025-03-06,C2002,Capacitor,4,0,69,14,0.05,200,SUP002
2025-03-06,IC3001,IC,2,0,-139,21,2.5,50,SUP003
2025-03-06,IC3002,IC,0,0,-125,10,0.35,50,SUP003
2025-03-06,R1003,Resistor,12,0,261,7,0.01,100,SUP001
2025-03-06,C2003,Capacitor,4,0,241,10,0.03,200,SUP002
2025-03-06,IC3003,IC,4,0,-189,12,0.4,50,SUP003
2025-03-06,IC3004,IC,6,0,-186,28,3.75,50,SUP004
2025-03-07,R1001,Resistor,6,0,350,7,0.01,100,SUP001
2025-03-07,R1002,Resistor,9,0,189,7,0.01,100,SUP001
2025-03-07,C2001,Capacitor,1,0,324,10,0.02,200,SUP002
2025-03-07,C2002,Capacitor,6,0,63,14,0.05,200,SUP002
2025-03-07,IC3001,IC,6,0,-145,21,2.5,50,SUP003
2025-03-07,IC3002,IC,4,0,-129,10,0.35,50,SUP003
2025-03-07,R1003,Resistor,6,0,255,7,0.01,100,SUP001
2025-03-07,C2003,Capacitor,5,0,236,10,0.03,200,SUP002
2025-03-07,IC3003,IC,4,0,-193,12,0.4,50,SUP003
2025-03-07,IC3004,IC,0,0,-186,28,3.75,50,SUP004
2025-03-08,R1001,Resistor,8,0,342,7,0.01,100,SUP001
2025-03-08,R1002,Resistor,4,0,185,7,0.01,100,SUP001
2025-03-08,C2001,Capacitor,7,0,317,10,0.02,200,SUP002
2025-03-08,C2002,Capacitor,4,0,59,14,0.05,200,SUP002
2025-03-08,IC3001,IC,4,0,-149,21,2.5,50,SUP003
2025-03-08,IC3002,IC,2,0,-131,10,0.35,50,SUP003
2025-03-08,R1003,Resistor,13,0,242,7,0.01,100,SUP001
2025-03-08,C2003,Capacitor,1,0,235,10,0.03,200,SUP002
2025-03-08,IC3003,IC,9,0,-202,12,0.4,50,SUP003
2025-03-08,IC3004,IC,3,0,-189,28,3.75,50,SUP004
2025-03-09,R1001,Resistor,6,0,336,7,0.01,100,SUP001
2025-03-09,R1002,Resistor,12,0,173,7,0.01,100,SUP001
2025-03-09,C2001,Capacitor,1,0,316,10,0.02,200,SUP002
2025-03-09,C2002,Capacitor,9,0,50,14,0.05,200,SUP002
2025-03-09,IC3001,IC,2,0,-151,21,2.5,50,SUP003
2025-03-09,IC3002,IC,1,0,-132,10,0.35,50,SUP003
2025-03-09,R1003,Resistor,17,0,225,7,0.01,100,SUP001
2025-03-09,C2003,Capacitor,3,0,232,10,0.03,200,SUP002
2025-03-09,IC3003,IC,1,0,-203,12,0.4,50,SUP003
2025-03-09,IC3004,IC,11,0,-200,28,3.75,50,SUP004
2025-03-10,R1001,Resistor,8,0,328,7,0.01,100,SUP001
2025-03-10,R1002,Resistor,10,0,163,7,0.01,100,SUP001
2025-03-10,C2001,Capacitor,6,0,310,10,0.02,200,SUP002
2025-03-10,C2002,Capacitor,3,0,47,14,0.05,200,SUP002
2025-03-10,IC3001,IC,5,0,-156,21,2.5,50,SUP003
2025-03-10,IC3002,IC,5,0,-137,10,0.35,50,SUP003
2025-03-10,R1003,Resistor,6,0,219,7,0.01,100,SUP001
2025-03-10,C2003,Capacitor,6,0,226,10,0.03,200,SUP002
2025-03-10,IC3003,IC,3,0,-206,12,0.4,50,SUP003
2025-03-10,IC3004,IC,1,0,-201,28,3.75,50,SUP004
2025-03-11,R1001,Resistor,4,0,324,7,0.01,100,SUP001
2025-03-11,R1002,Resistor,8,0,155,7,0.01,100,SUP001
2025-03-11,C2001,Capacitor,3,0,307,10,0.02,200,SUP002
2025-03-11,C2002,Capacitor,2,0,45,14,0.05,200,SUP002
2025-03-11,IC3001,IC,0,0,-156,21,2.5,50,SUP003
2025-03-11,IC3002,IC,0,0,-137,10,0.35,50,SUP003
2025-03-11,R1003,Resistor,4,0,215,7,0.01,100,SUP001
2025-03-11,C2003,Capacitor,4,0,222,10,0.03,200,SUP002
2025-03-11,IC3003,IC,4,0,-210,12,0.4,50,SUP003
2025-03-11,IC3004,IC,4,0,-205,28,3.75,50,SUP004
2025-03-12,R1001,Resistor,8,0,316,7,0.01,100,SUP001
2025-03-12,R1002,Resistor,25,0,130,7,0.01,100,SUP001
2025-03-12,C2001,Capacitor,6,0,301,10,0.02,200,SUP002
2025-03-12,C2002,Capacitor,2,0,43,14,0.05,200,SUP002
2025-03-12,IC3001,IC,2,0,-158,21,2.5,50,SUP003
2025-03-12,IC3002,IC,2,0,-139,10,0.35,50,SUP003
2025-03-12,R1003,Resistor,3,0,212,7,0.01,100,SUP001
2025-03-12,C2003,Capacitor,2,0,220,10,0.03,200,SUP002
2025-03-12,IC3003,IC,6,0,-216,12,0.4,50,SUP003
2025-03-12,IC3004,IC,3,0,-208,28,3.75,50,SUP004
2025-03-13,R1001,Resistor,4,0,312,7,0.01,100,SUP001
2025-03-13,R1002,Resistor,11,0,119,7,0.01,100,SUP001
2025-03-13,C2001,Capacitor,3,0,298,10,0.02,200,SUP002
2025-03-13,C2002,Capacitor,7,0,36,14,0.05,200,SUP002
2025-03-13,IC3001,IC,1,0,-159,21,2.5,50,SUP003
2025-03-13,IC3002,IC,8,0,-147,10,0.35,50,SUP003
2025-03-13,R1003,Resistor,12,0,200,7,0.01,100,SUP001
2025-03-13,C2003,Capacitor,5,0,215,10,0.03,200,SUP002
2025-03-13,IC3003,IC,6,0,-222,12,0.4,50,SUP003
2025-03-13,IC3004,IC,5,0,-213,28,3.75,50,SUP004
2025-03-14,R1001,Resistor,6,0,306,7,0.01,100,SUP001
2025-03-14,R1002,Resistor,7,0,112,7,0.01,100,SUP001
2025-03-14,C2001,Capacitor,9,0,289,10,0.02,200,SUP002
2025-03-14,C2002,Capacitor,7,0,29,14,0.05,200,SUP002
2025-03-14,IC3001,IC,5,0,-164,21,2.5,50,SUP003
2025-03-14,IC3002,IC,2,0,-149,10,0.35,50,SUP003
2025-03-14,R1003,Resistor,10,0,190,7,0.01,100,SUP001
2025-03-14,C2003,Capacitor,5,0,210,10,0.03,200,SUP002
2025-03-14,IC3003,IC,1,0,-223,12,0.4,50,SUP003
2025-03-14,IC3004,IC,6,0,-219,28,3.75,50,SUP004
2025-03-15,R1001,Resistor,7,0,299,7,0.01,100,SUP001
2025-03-15,R1002,Resistor,5,0,107,7,0.01,100,SUP001
2025-03-15,C2001,Capacitor,5,0,284,10,0.02,200,SUP002
2025-03-15,C2002,Capacitor,7,0,22,14,0.05,200,SUP002
2025-03-15,IC3001,IC,5,0,-169,21,2.5,50,SUP003
2025-03-15,IC3002,IC,1,0,-150,10,0.35,50,SUP003
2025-03-15,R1003,Resistor,6,0,184,7,0.01,100,SUP001
2025-03-15,C2003,Capacitor,1,0,209,10,0.03,200,SUP002
2025-03-15,IC3003,IC,6,0,-229,12,0.4,50,SUP003
2025-03-15,IC3004,IC,5,0,-224,28,3.75,50,SUP004
2025-03-16,R1001,Resistor,19,0,280,7,0.01,100,SUP001
2025-03-16,R1002,Resistor,14,0,93,7,0.01,100,SUP001
2025-03-16,C2001,Capacitor,2,0,282,10,0.02,200,SUP002
2025-03-16,C2002,Capacitor,5,0,17,14,0.05,200,SUP002
2025-03-16,IC3001,IC,0,0,-169,21,2.5,50,SUP003
2025-03-16,IC3002,IC,10,0,-160,10,0.35,50,SUP003
2025-03-16,R1003,Resistor,16,0,168,7,0.01,100,SUP001
2025-03-16,C2003,Capacitor,7,0,202,10,0.03,200,SUP002
2025-03-16,IC3003,IC,9,0,-238,12,0.4,50,SUP003
2025-03-16,IC3004,IC,9,0,-233,28,3.75,50,SUP004
2025-03-17,R1001,Resistor,6,0,274,7,0.01,100,SUP001
2025-03-17,R1002,Resistor,17,0,76,7,0.01,100,SUP001
2025-03-17,C2001,Capacitor,2,0,280,10,0.02,200,SUP002
2025-03-17,C2002,Capacitor,4,0,13,14,0.05,200,SUP002
2025-03-17,IC3001,IC,5,0,-174,21,2.5,50,SUP003
2025-03-17,IC3002,IC,11,0,-171,10,0.35,50,SUP003
2025-03-17,R1003,Resistor,9,0,159,7,0.01,100,SUP001
2025-03-17,C2003,Capacitor,2,0,200,10,0.03,200,SUP002
2025-03-17,IC3003,IC,8,0,-246,12,0.4,50,SUP003
2025-03-17,IC3004,IC,2,0,-235,28,3.75,50,SUP004
2025-03-18,R1001,Resistor,8,0,266,7,0.01,100,SUP001
2025-03-18,R1002,Resistor,12,0,64,7,0.01,100,SUP001
2025-03-18,C2001,Capacitor,5,0,275,10,0.02,200,SUP002
2025-03-18,C2002,Capacitor,5,0,8,14,0.05,200,SUP002
2025-03-18,IC3001,IC,3,0,-177,21,2.5,50,SUP003
2025-03-18,IC3002,IC,1,0,-172,10,0.35,50,SUP003
2025-03-18,R1003,Resistor,14,0,145,7,0.01,100,SUP001
2025-03-18,C2003,Capacitor,3,0,197,10,0.03,200,SUP002
2025-03-18,IC3003,IC,1,0,-247,12,0.4,50,SUP003
2025-03-18,IC3004,IC,1,0,-236,28,3.75,50,SUP004
2025-03-19,R1001,Resistor,6,0,260,7,0.01,100,SUP001
2025-03-19,R1002,Resistor,7,0,57,7,0.01,100,SUP001
2025-03-19,C2001,Capacitor,6,0,269,10,0.02,200,SUP002
2025-03-19,C2002,Capacitor,4,0,4,14,0.05,200,SUP002
2025-03-19,IC3001,IC,5,0,-182,21,2.5,50,SUP003
2025-03-19,IC3002,IC,6,0,-178,10,0.35,50,SUP003
2025-03-19,R1003,Resistor,2,0,143,7,0.01,100,SUP001
2025-03-19,C2003,Capacitor,3,0,194,10,0.03,200,SUP002
2025-03-19,IC3003,IC,11,0,-258,12,0.4,50,SUP003
2025-03-19,IC3004,IC,2,0,-238,28,3.75,50,SUP004
2025-03-20,R1001,Resistor,13,0,247,7,0.01,100,SUP001
2025-03-20,R1002,Resistor,10,0,47,7,0.01,100,SUP001
2025-03-20,C2001,Capacitor,2,0,267,10,0.02,200,SUP002
2025-03-20,C2002,Capacitor,17,0,-13,14,0.05,200,SUP002
2025-03-20,IC3001,IC,1,0,-183,21,2.5,50,SUP003
2025-03-20,IC3002,IC,7,0,-185,10,0.35,50,SUP003
2025-03-20,R1003,Resistor,10,0,133,7,0.01,100,SUP001
2025-03-20,C2003,Capacitor,2,0,192,10,0.03,200,SUP002
2025-03-20,IC3003,IC,2,0,-260,12,0.4,50,SUP003
2025-03-20,IC3004,IC,3,0,-241,28,3.75,50,SUP004
2025-03-21,R1001,Resistor,10,0,237,7,0.01,100,SUP001
2025-03-21,R1002,Resistor,9,0,38,7,0.01,100,SUP001
2025-03-21,C2001,Capacitor,2,0,265,10,0.02,200,SUP002
2025-03-21,C2002,Capacitor,3,0,-16,14,0.05,200,SUP002
2025-03-21,IC3001,IC,5,0,-188,21,2.5,50,SUP003
2025-03-21,IC3002,IC,4,0,-189,10,0.35,50,SUP003
2025-03-21,R1003,Resistor,10,0,123,7,0.01,100,SUP001
2025-03-21,C2003,Capacitor,7,0,185,10,0.03,200,SUP002
2025-03-21,IC3003,IC,0,0,-260,12,0.4,50,SUP003
2025-03-21,IC3004,IC,5,0,-246,28,3.75,50,SUP004
2025-03-22,R1001,Resistor,11,0,226,7,0.01,100,SUP001
2025-03-22,R1002,Resistor,11,0,27,7,0.01,100,SUP001
2025-03-22,C2001,Capacitor,1,0,264,10,0.02,200,SUP002
2025-03-22,C2002,Capacitor,10,0,-26,14,0.05,200,SUP002
2025-03-22,IC3001,IC,6,0,-194,21,2.5,50,SUP003
2025-03-22,IC3002,IC,4,0,-193,10,0.35,50,SUP003
2025-03-22,R1003,Resistor,6,0,117,7,0.01,100,SUP001
2025-03-22,C2003,Capacitor,8,0,177,10,0.03,200,SUP002
2025-03-22,IC3003,IC,1,0,-261,12,0.4,50,SUP003
2025-03-22,IC3004,IC,8,0,-254,28,3.75,50,SUP004
2025-03-23,R1001,Resistor,15,0,211,7,0.01,100,SUP001
2025-03-23,R1002,Resistor,4,0,23,7,0.01,100,SUP001
2025-03-23,C2001,Capacitor,3,0,261,10,0.02,200,SUP002
2025-03-23,C2002,Capacitor,5,0,-31,14,0.05,200,SUP002
2025-03-23,IC3001,IC,2,0,-196,21,2.5,50,SUP003
2025-03-23,IC3002,IC,2,0,-195,10,0.35,50,SUP003
2025-03-23,R1003,Resistor,10,0,107,7,0.01,100,SUP001
2025-03-23,C2003,Capacitor,5,0,172,10,0.03,200,SUP002
2025-03-23,IC3003,IC,2,0,-263,12,0.4,50,SUP003
2025-03-23,IC3004,IC,1,0,-255,28,3.75,50,SUP004
2025-03-24,R1001,Resistor,2,0,209,7,0.01,100,SUP001
2025-03-24,R1002,Resistor,6,0,17,7,0.01,100,SUP001
2025-03-24,C2001,Capacitor,5,0,256,10,0.02,200,SUP002
2025-03-24,C2002,Capacitor,2,0,-33,14,0.05,200,SUP002
2025-03-24,IC3001,IC,5,0,-201,21,2.5,50,SUP003
2025-03-24,IC3002,IC,4,0,-199,10,0.35,50,SUP003
2025-03-24,R1003,Resistor,11,0,96,7,0.01,100,SUP001
2025-03-24,C2003,Capacitor,4,0,168,10,0.03,200,SUP002
2025-03-24,IC3003,IC,2,0,-265,12,0.4,50,SUP003
2025-03-24,IC3004,IC,6,0,-261,28,3.75,50,SUP004
2025-03-25,R1001,Resistor,8,0,201,7,0.01,100,SUP001
2025-03-25,R1002,Resistor,17,0,0,7,0.01,100,SUP001
2025-03-25,C2001,Capacitor,3,0,253,10,0.02,200,SUP002
2025-03-25,C2002,Capacitor,4,0,-37,14,0.05,200,SUP002
2025-03-25,IC3001,IC,4,0,-205,21,2.5,50,SUP003
2025-03-25,IC3002,IC,3,0,-202,10,0.35,50,SUP003
2025-03-25,R1003,Resistor,5,0,91,7,0.01,100,SUP001
2025-03-25,C2003,Capacitor,6,0,162,10,0.03,200,SUP002
2025-03-25,IC3003,IC,3,0,-268,12,0.4,50,SUP003
2025-03-25,IC3004,IC,5,0,-266,28,3.75,50,SUP004
2025-03-26,R1001,Resistor,10,0,191,7,0.01,100,SUP001
2025-03-26,R1002,Resistor,9,0,-9,7,0.01,100,SUP001
2025-03-26,C2001,Capacitor,4,0,249,10,0.02,200,SUP002
2025-03-26,C2002,Capacitor,3,0,-40,14,0.05,200,SUP002
2025-03-26,IC3001,IC,6,0,-211,21,2.5,50,SUP003
2025-03-26,IC3002,IC,6,0,-208,10,0.35,50,SUP003
2025-03-26,R1003,Resistor,9,0,82,7,0.01,100,SUP001
2025-03-26,C2003,Capacitor,7,0,155,10,0.03,200,SUP002
2025-03-26,IC3003,IC,4,0,-272,12,0.4,50,SUP003
2025-03-26,IC3004,IC,10,0,-276,28,3.75,50,SUP004
2025-03-27,R1001,Resistor,2,0,189,7,0.01,100,SUP001
2025-03-27,R1002,Resistor,5,0,-14,7,0.01,100,SUP001
2025-03-27,C2001,Capacitor,3,0,246,10,0.02,200,SUP002
2025-03-27,C2002,Capacitor,0,0,-40,14,0.05,200,SUP002
2025-03-27,IC3001,IC,12,0,-223,21,2.5,50,SUP003
2025-03-27,IC3002,IC,5,0,-213,10,0.35,50,SUP003
2025-03-27,R1003,Resistor,12,0,70,7,0.01,100,SUP001
2025-03-27,C2003,Capacitor,4,0,151,10,0.03,200,SUP002
2025-03-27,IC3003,IC,4,0,-276,12,0.4,50,SUP003
2025-03-27,IC3004,IC,4,0,-280,28,3.75,50,SUP004
2025-03-28,R1001,Resistor,7,0,182,7,0.01,100,SUP001
2025-03-28,R1002,Resistor,17,0,-31,7,0.01,100,SUP001
2025-03-28,C2001,Capacitor,1,0,245,10,0.02,200,SUP002
2025-03-28,C2002,Capacitor,7,0,-47,14,0.05,200,SUP002
2025-03-28,IC3001,IC,6,0,-229,21,2.5,50,SUP003
2025-03-28,IC3002,IC,0,0,-213,10,0.35,50,SUP003
2025-03-28,R1003,Resistor,6,0,64,7,0.01,100,SUP001
2025-03-28,C2003,Capacitor,5,0,146,10,0.03,200,SUP002
2025-03-28,IC3003,IC,4,0,-280,12,0.4,50,SUP003
2025-03-28,IC3004,IC,4,0,-284,28,3.75,50,SUP004
2025-03-29,R1001,Resistor,5,0,177,7,0.01,100,SUP001
2025-03-29,R1002,Resistor,12,0,-43,7,0.01,100,SUP001
2025-03-29,C2001,Capacitor,6,0,239,10,0.02,200,SUP002
2025-03-29,C2002,Capacitor,3,0,-50,14,0.05,200,SUP002
2025-03-29,IC3001,IC,4,0,-233,21,2.5,50,SUP003
2025-03-29,IC3002,IC,2,0,-215,10,0.35,50,SUP003
2025-03-29,R1003,Resistor,4,0,60,7,0.01,100,SUP001
2025-03-29,C2003,Capacitor,4,0,142,10,0.03,200,SUP002
2025-03-29,IC3003,IC,7,0,-287,12,0.4,50,SUP003
2025-03-29,IC3004,IC,2,0,-286,28,3.75,50,SUP004
2025-03-30,R1001,Resistor,2,0,175,7,0.01,100,SUP001
2025-03-30,R1002,Resistor,10,0,-53,7,0.01,100,SUP001
2025-03-30,C2001,Capacitor,7,0,232,10,0.02,200,SUP002
2025-03-30,C2002,Capacitor,5,0,-55,14,0.05,200,SUP002
2025-03-30,IC3001,IC,4,0,-237,21,2.5,50,SUP003
2025-03-30,IC3002,IC,1,0,-216,10,0.35,50,SUP003
2025-03-30,R1003,Resistor,8,0,52,7,0.01,100,SUP001
2025-03-30,C2003,Capacitor,6,0,136,10,0.03,200,SUP002
2025-03-30,IC3003,IC,2,0,-289,12,0.4,50,SUP003
2025-03-30,IC3004,IC,3,0,-289,28,3.75,50,SUP004
2025-03-31,R1001,Resistor,10,0,165,7,0.01,100,SUP001
2025-03-31,R1002,Resistor,6,0,-59,7,0.01,100,SUP001
2025-03-31,C2001,Capacitor,2,0,230,10,0.02,200,SUP002
2025-03-31,C2002,Capacitor,6,0,-61,14,0.05,200,SUP002
2025-03-31,IC3001,IC,6,0,-243,21,2.5,50,SUP003
2025-03-31,IC3002,IC,9,0,-225,10,0.35,50,SUP003
2025-03-31,R1003,Resistor,7,0,45,7,0.01,100,SUP001
2025-03-31,C2003,Capacitor,4,0,132,10,0.03,200,SUP002
2025-03-31,IC3003,IC,7,0,-296,12,0.4,50,SUP003
2025-03-31,IC3004,IC,4,0,-293,28,3.75,50,SUP004
2025-04-01,R1001,Resistor,10,0,155,7,0.01,100,SUP001
2025-04-01,R1002,Resistor,7,0,-66,7,0.01,100,SUP001
2025-04-01,C2001,Capacitor,4,0,226,10,0.02,200,SUP002
2025-04-01,C2002,Capacitor,6,0,-67,14,0.05,200,SUP002
2025-04-01,IC3001,IC,6,0,-249,21,2.5,50,SUP003
2025-04-01,IC3002,IC,2,0,-227,10,0.35,50,SUP003
2025-04-01,R1003,Resistor,11,0,34,7,0.01,100,SUP001
2025-04-01,C2003,Capacitor,0,0,132,10,0.03,200,SUP002
2025-04-01,IC3003,IC,3,0,-299,12,0.4,50,SUP003
2025-04-01,IC3004,IC,1,0,-294,28,3.75,50,SUP004
2025-04-02,R1001,Resistor,7,0,148,7,0.01,100,SUP001
2025-04-02,R1002,Resistor,11,0,-77,7,0.01,100,SUP001
2025-04-02,C2001,Capacitor,4,0,222,10,0.02,200,SUP002
2025-04-02,C2002,Capacitor,8,0,-75,14,0.05,200,SUP002
2025-04-02,IC3001,IC,2,0,-251,21,2.5,50,SUP003
2025-04-02,IC3002,IC,1,0,-228,10,0.35,50,SUP003
2025-04-02,R1003,Resistor,14,0,20,7,0.01,100,SUP001
2025-04-02,C2003,Capacitor,5,0,127,10,0.03,200,SUP002
2025-04-02,IC3003,IC,3,0,-302,12,0.4,50,SUP003
2025-04-02,IC3004,IC,4,0,-298,28,3.75,50,SUP004
2025-04-03,R1001,Resistor,11,0,137,7,0.01,100,SUP001
2025-04-03,R1002,Resistor,9,0,-86,7,0.01,100,SUP001
2025-04-03,C2001,Capacitor,6,0,216,10,0.02,200,SUP002
2025-04-03,C2002,Capacitor,5,0,-80,14,0.05,200,SUP002
2025-04-03,IC3001,IC,5,0,-256,21,2.5,50,SUP003
2025-04-03,IC3002,IC,6,0,-234,10,0.35,50,SUP003
2025-04-03,R1003,Resistor,18,0,2,7,0.01,100,SUP001
2025-04-03,C2003,Capacitor,4,0,123,10,0.03,200,SUP002
2025-04-03,IC3003,IC,3,0,-305,12,0.4,50,SUP003
2025-04-03,IC3004,IC,5,0,-303,28,3.75,50,SUP004
2025-04-04,R1001,Resistor,4,0,133,7,0.01,100,SUP001
2025-04-04,R1002,Resistor,6,0,-92,7,0.01,100,SUP001
2025-04-04,C2001,Capacitor,4,0,212,10,0.02,200,SUP002
2025-04-04,C2002,Capacitor,2,0,-82,14,0.05,200,SUP002
2025-04-04,IC3001,IC,6,0,-262,21,2.5,50,SUP003
2025-04-04,IC3002,IC,5,0,-239,10,0.35,50,SUP003
2025-04-04,R1003,Resistor,8,0,-6,7,0.01,100,SUP001
2025-04-04,C2003,Capacitor,8,0,115,10,0.03,200,SUP002
2025-04-04,IC3003,IC,1,0,-306,12,0.4,50,SUP003
2025-04-04,IC3004,IC,0,0,-303,28,3.75,50,SUP004
2025-04-05,R1001,Resistor,12,0,121,7,0.01,100,SUP001
2025-04-05,R1002,Resistor,9,0,-101,7,0.01,100,SUP001
2025-04-05,C2001,Capacitor,2,0,210,10,0.02,200,SUP002
2025-04-05,C2002,Capacitor,4,0,-86,14,0.05,200,SUP002
2025-04-05,IC3001,IC,2,0,-264,21,2.5,50,SUP003
2025-04-05,IC3002,IC,4,0,-243,10,0.35,50,SUP003
2025-04-05,R1003,Resistor,20,0,-26,7,0.01,100,SUP001
2025-04-05,C2003,Capacitor,4,0,111,10,0.03,200,SUP002
2025-04-05,IC3003,IC,3,0,-309,12,0.4,50,SUP003
2025-04-05,IC3004,IC,4,0,-307,28,3.75,50,SUP004
2025-04-06,R1001,Resistor,9,0,112,7,0.01,100,SUP001
2025-04-06,R1002,Resistor,8,0,-109,7,0.01,100,SUP001
2025-04-06,C2001,Capacitor,3,0,207,10,0.02,200,SUP002
2025-04-06,C2002,Capacitor,6,0,-92,14,0.05,200,SUP002
2025-04-06,IC3001,IC,2,0,-266,21,2.5,50,SUP003
2025-04-06,IC3002,IC,3,0,-246,10,0.35,50,SUP003
2025-04-06,R1003,Resistor,3,0,-29,7,0.01,100,SUP001
2025-04-06,C2003,Capacitor,5,0,106,10,0.03,200,SUP002
2025-04-06,IC3003,IC,7,0,-316,12,0.4,50,SUP003
2025-04-06,IC3004,IC,7,0,-314,28,3.75,50,SUP004
2025-04-07,R1001,Resistor,8,0,104,7,0.01,100,SUP001
2025-04-07,R1002,Resistor,8,0,-117,7,0.01,100,SUP001
2025-04-07,C2001,Capacitor,2,0,205,10,0.02,200,SUP002
2025-04-07,C2002,Capacitor,3,0,-95,14,0.05,200,SUP002
2025-04-07,IC3001,IC,9,0,-275,21,2.5,50,SUP003
2025-04-07,IC3002,IC,3,0,-249,10,0.35,50,SUP003
2025-04-07,R1003,Resistor,6,0,-35,7,0.01,100,SUP001
2025-04-07,C2003,Capacitor,3,0,103,10,0.03,200,SUP002
2025-04-07,IC3003,IC,6,0,-322,12,0.4,50,SUP003
2025-04-07,IC3004,IC,3,0,-317,28,3.75,50,SUP004
2025-04-08,R1001,Resistor,6,0,98,7,0.01,100,SUP001
2025-04-08,R1002,Resistor,8,0,-125,7,0.01,100,SUP001
2025-04-08,C2001,Capacitor,5,0,200,10,0.02,200,SUP002
2025-04-08,C2002,Capacitor,5,0,-100,14,0.05,200,SUP002
2025-04-08,IC3001,IC,2,0,-277,21,2.5,50,SUP003
2025-04-08,IC3002,IC,3,0,-252,10,0.35,50,SUP003
2025-04-08,R1003,Resistor,8,0,-43,7,0.01,100,SUP001
2025-04-08,C2003,Capacitor,5,0,98,10,0.03,200,SUP002
2025-04-08,IC3003,IC,3,0,-325,12,0.4,50,SUP003
2025-04-08,IC3004,IC,4,0,-321,28,3.75,50,SUP004
2025-04-09,R1001,Resistor,10,0,88,7,0.01,100,SUP001
2025-04-09,R1002,Resistor,7,0,-132,7,0.01,100,SUP001
2025-04-09,C2001,Capacitor,3,0,197,10,0.02,200,SUP002
2025-04-09,C2002,Capacitor,3,0,-103,14,0.05,200,SUP002
2025-04-09,IC3001,IC,2,0,-279,21,2.5,50,SUP003
2025-04-09,IC3002,IC,2,0,-254,10,0.35,50,SUP003
2025-04-09,R1003,Resistor,21,0,-64,7,0.01,100,SUP001
2025-04-09,C2003,Capacitor,9,0,89,10,0.03,200,SUP002
2025-04-09,IC3003,IC,5,0,-330,12,0.4,50,SUP003
2025-04-09,IC3004,IC,2,0,-323,28,3.75,50,SUP004
2025-04-10,R1001,Resistor,8,0,80,7,0.01,100,SUP001
2025-04-10,R1002,Resistor,8,0,-140,7,0.01,100,SUP001
2025-04-10,C2001,Capacitor,3,0,194,10,0.02,200,SUP002
2025-04-10,C2002,Capacitor,4,0,-107,14,0.05,200,SUP002
2025-04-10,IC3001,IC,6,0,-285,21,2.5,50,SUP003
2025-04-10,IC3002,IC,4,0,-258,10,0.35,50,SUP003
2025-04-10,R1003,Resistor,11,0,-75,7,0.01,100,SUP001
2025-04-10,C2003,Capacitor,3,0,86,10,0.03,200,SUP002
2025-04-10,IC3003,IC,7,0,-337,12,0.4,50,SUP003
2025-04-10,IC3004,IC,4,0,-327,28,3.75,50,SUP004
2025-04-11,R1001,Resistor,7,0,73,7,0.01,100,SUP001
2025-04-11,R1002,Resistor,5,0,-145,7,0.01,100,SUP001
2025-04-11,C2001,Capacitor,4,0,190,10,0.02,200,SUP002
2025-04-11,C2002,Capacitor,2,0,-109,14,0.05,200,SUP002
2025-04-11,IC3001,IC,4,0,-289,21,2.5,50,SUP003
2025-04-11,IC3002,IC,8,0,-266,10,0.35,50,SUP003
2025-04-11,R1003,Resistor,8,0,-83,7,0.01,100,SUP001
2025-04-11,C2003,Capacitor,2,0,84,10,0.03,200,SUP002
2025-04-11,IC3003,IC,6,0,-343,12,0.4,50,SUP003
2025-04-11,IC3004,IC,4,0,-331,28,3.75,50,SUP004
2025-04-12,R1001,Resistor,5,0,68,7,0.01,100,SUP001
2025-04-12,R1002,Resistor,7,0,-152,7,0.01,100,SUP001
2025-04-12,C2001,Capacitor,2,0,188,10,0.02,200,SUP002
2025-04-12,C2002,Capacitor,2,0,-111,14,0.05,200,SUP002
2025-04-12,IC3001,IC,5,0,-294,21,2.5,50,SUP003
2025-04-12,IC3002,IC,7,0,-273,10,0.35,50,SUP003
2025-04-12,R1003,Resistor,14,0,-97,7,0.01,100,SUP001
2025-04-12,C2003,Capacitor,3,0,81,10,0.03,200,SUP002
2025-04-12,IC3003,IC,2,0,-345,12,0.4,50,SUP003
2025-04-12,IC3004,IC,5,0,-336,28,3.75,50,SUP004
2025-04-13,R1001,Resistor,9,0,59,7,0.01,100,SUP001
2025-04-13,R1002,Resistor,9,0,-161,7,0.01,100,SUP001
2025-04-13,C2001,Capacitor,2,0,186,10,0.02,200,SUP002
2025-04-13,C2002,Capacitor,7,0,-118,14,0.05,200,SUP002
2025-04-13,IC3001,IC,2,0,-296,21,2.5,50,SUP003
2025-04-13,IC3002,IC,5,0,-278,10,0.35,50,SUP003
2025-04-13,R1003,Resistor,8,0,-105,7,0.01,100,SUP001
2025-04-13,C2003,Capacitor,2,0,79,10,0.03,200,SUP002
2025-04-13,IC3003,IC,2,0,-347,12,0.4,50,SUP003
2025-04-13,IC3004,IC,5,0,-341,28,3.75,50,SUP004
2025-04-14,R1001,Resistor,14,0,45,7,0.01,100,SUP001
2025-04-14,R1002,Resistor,5,0,-166,7,0.01,100,SUP001
2025-04-14,C2001,Capacitor,5,0,181,10,0.02,200,SUP002
2025-04-14,C2002,Capacitor,8,0,-126,14,0.05,200,SUP002
2025-04-14,IC3001,IC,6,0,-302,21,2.5,50,SUP003
2025-04-14,IC3002,IC,4,0,-282,10,0.35,50,SUP003
2025-04-14,R1003,Resistor,8,0,-113,7,0.01,100,SUP001
2025-04-14,C2003,Capacitor,1,0,78,10,0.03,200,SUP002
2025-04-14,IC3003,IC,2,0,-349,12,0.4,50,SUP003
2025-04-14,IC3004,IC,8,0,-349,28,3.75,50,SUP004
2025-04-15,R1001,Resistor,10,0,35,7,0.01,100,SUP001
2025-04-15,R1002,Resistor,5,0,-171,7,0.01,100,SUP001
2025-04-15,C2001,Capacitor,8,0,173,10,0.02,200,SUP002
2025-04-15,C2002,Capacitor,1,0,-127,14,0.05,200,SUP002
2025-04-15,IC3001,IC,2,0,-304,21,2.5,50,SUP003
2025-04-15,IC3002,IC,2,0,-284,10,0.35,50,SUP003
2025-04-15,R1003,Resistor,12,0,-125,7,0.01,100,SUP001
2025-04-15,C2003,Capacitor,0,0,78,10,0.03,200,SUP002
2025-04-15,IC3003,IC,9,0,-358,12,0.4,50,SUP003
2025-04-15,IC3004,IC,7,0,-356,28,3.75,50,SUP004
2025-04-16,R1001,Resistor,6,0,29,7,0.01,100,SUP001
2025-04-16,R1002,Resistor,6,0,-177,7,0.01,100,SUP001
2025-04-16,C2001,Capacitor,2,0,171,10,0.02,200,SUP002
2025-04-16,C2002,Capacitor,10,0,-137,14,0.05,200,SUP002
2025-04-16,IC3001,IC,2,0,-306,21,2.5,50,SUP003
2025-04-16,IC3002,IC,7,0,-291,10,0.35,50,SUP003
2025-04-16,R1003,Resistor,13,0,-138,7,0.01,100,SUP001
2025-04-16,C2003,Capacitor,1,0,77,10,0.03,200,SUP002
2025-04-16,IC3003,IC,1,0,-359,12,0.4,50,SUP003
2025-04-16,IC3004,IC,2,0,-358,28,3.75,50,SUP004
2025-04-17,R1001,Resistor,9,0,20,7,0.01,100,SUP001
2025-04-17,R1002,Resistor,5,0,-182,7,0.01,100,SUP001
2025-04-17,C2001,Capacitor,6,0,165,10,0.02,200,SUP002
2025-04-17,C2002,Capacitor,2,0,-139,14,0.05,200,SUP002
2025-04-17,IC3001,IC,6,0,-312,21,2.5,50,SUP003
2025-04-17,IC3002,IC,4,0,-295,10,0.35,50,SUP003
2025-04-17,R1003,Resistor,7,0,-145,7,0.01,100,SUP001
2025-04-17,C2003,Capacitor,2,0,75,10,0.03,200,SUP002
2025-04-17,IC3003,IC,7,0,-366,12,0.4,50,SUP003
2025-04-17,IC3004,IC,3,0,-361,28,3.75,50,SUP004
2025-04-18,R1001,Resistor,12,0,8,7,0.01,100,SUP001
2025-04-18,R1002,Resistor,12,0,-194,7,0.01,100,SUP001
2025-04-18,C2001,Capacitor,5,0,160,10,0.02,200,SUP002
2025-04-18,C2002,Capacitor,4,0,-143,14,0.05,200,SUP002
2025-04-18,IC3001,IC,1,0,-313,21,2.5,50,SUP003
2025-04-18,IC3002,IC,1,0,-296,10,0.35,50,SUP003
2025-04-18,R1003,Resistor,10,0,-155,7,0.01,100,SUP001
2025-04-18,C2003,Capacitor,6,0,69,10,0.03,200,SUP002
2025-04-18,IC3003,IC,0,0,-366,12,0.4,50,SUP003
2025-04-18,IC3004,IC,1,0,-362,28,3.75,50,SUP004
2025-04-19,R1001,Resistor,8,0,0,7,0.01,100,SUP001
2025-04-19,R1002,Resistor,5,0,-199,7,0.01,100,SUP001
2025-04-19,C2001,Capacitor,7,0,153,10,0.02,200,SUP002
2025-04-19,C2002,Capacitor,1,0,-144,14,0.05,200,SUP002
2025-04-19,IC3001,IC,3,0,-316,21,2.5,50,SUP003
2025-04-19,IC3002,IC,6,0,-302,10,0.35,50,SUP003
2025-04-19,R1003,Resistor,13,0,-168,7,0.01,100,SUP001
2025-04-19,C2003,Capacitor,6,0,63,10,0.03,200,SUP002
2025-04-19,IC3003,IC,3,0,-369,12,0.4,50,SUP003
2025-04-19,IC3004,IC,5,0,-367,28,3.75,50,SUP004
2025-04-20,R1001,Resistor,19,0,-19,7,0.01,100,SUP001
2025-04-20,R1002,Resistor,7,0,-206,7,0.01,100,SUP001
2025-04-20,C2001,Capacitor,1,0,152,10,0.02,200,SUP002
2025-04-20,C2002,Capacitor,5,0,-149,14,0.05,200,SUP002
2025-04-20,IC3001,IC,7,0,-323,21,2.5,50,SUP003
2025-04-20,IC3002,IC,9,0,-311,10,0.35,50,SUP003
2025-04-20,R1003,Resistor,12,0,-180,7,0.01,100,SUP001
2025-04-20,C2003,Capacitor,7,0,56,10,0.03,200,SUP002
2025-04-20,IC3003,IC,4,0,-373,12,0.4,50,SUP003
2025-04-20,IC3004,IC,4,0,-371,28,3.75,50,SUP004
2025-04-21,R1001,Resistor,9,0,-28,7,0.01,100,SUP001
2025-04-21,R1002,Resistor,15,0,-221,7,0.01,100,SUP001
2025-04-21,C2001,Capacitor,6,0,146,10,0.02,200,SUP002
2025-04-21,C2002,Capacitor,9,0,-158,14,0.05,200,SUP002
2025-04-21,IC3001,IC,10,0,-333,21,2.5,50,SUP003
2025-04-21,IC3002,IC,7,0,-318,10,0.35,50,SUP003
2025-04-21,R1003,Resistor,8,0,-188,7,0.01,100,SUP001
2025-04-21,C2003,Capacitor,4,0,52,10,0.03,200,SUP002
2025-04-21,IC3003,IC,4,0,-377,12,0.4,50,SUP003
2025-04-21,IC3004,IC,5,0,-376,28,3.75,50,SUP004
2025-04-22,R1001,Resistor,4,0,-32,7,0.01,100,SUP001
2025-04-22,R1002,Resistor,19,0,-240,7,0.01,100,SUP001
2025-04-22,C2001,Capacitor,5,0,141,10,0.02,200,SUP002
2025-04-22,C2002,Capacitor,2,0,-160,14,0.05,200,SUP002
2025-04-22,IC3001,IC,2,0,-335,21,2.5,50,SUP003
2025-04-22,IC3002,IC,7,0,-325,10,0.35,50,SUP003
2025-04-22,R1003,Resistor,15,0,-203,7,0.01,100,SUP001
2025-04-22,C2003,Capacitor,4,0,48,10,0.03,200,SUP002
2025-04-22,IC3003,IC,4,0,-381,12,0.4,50,SUP003
2025-04-22,IC3004,IC,5,0,-381,28,3.75,50,SUP004
2025-04-23,R1001,Resistor,10,0,-42,7,0.01,100,SUP001
2025-04-23,R1002,Resistor,11,0,-251,7,0.01,100,SUP001
2025-04-23,C2001,Capacitor,1,0,140,10,0.02,200,SUP002
2025-04-23,C2002,Capacitor,3,0,-163,14,0.05,200,SUP002
2025-04-23,IC3001,IC,4,0,-339,21,2.5,50,SUP003
2025-04-23,IC3002,IC,8,0,-333,10,0.35,50,SUP003
2025-04-23,R1003,Resistor,11,0,-214,7,0.01,100,SUP001
2025-04-23,C2003,Capacitor,1,0,47,10,0.03,200,SUP002
2025-04-23,IC3003,IC,3,0,-384,12,0.4,50,SUP003
2025-04-23,IC3004,IC,3,0,-384,28,3.75,50,SUP004
2025-04-24,R1001,Resistor,12,0,-54,7,0.01,100,SUP001
2025-04-24,R1002,Resistor,8,0,-259,7,0.01,100,SUP001
2025-04-24,C2001,Capacitor,5,0,135,10,0.02,200,SUP002
2025-04-24,C2002,Capacitor,6,0,-169,14,0.05,200,SUP002
2025-04-24,IC3001,IC,5,0,-344,21,2.5,50,SUP003
2025-04-24,IC3002,IC,7,0,-340,10,0.35,50,SUP003
2025-04-24,R1003,Resistor,16,0,-230,7,0.01,100,SUP001
2025-04-24,C2003,Capacitor,6,0,41,10,0.03,200,SUP002
2025-04-24,IC3003,IC,4,0,-388,12,0.4,50,SUP003
2025-04-24,IC3004,IC,3,0,-387,28,3.75,50,SUP004
2025-04-25,R1001,Resistor,10,0,-64,7,0.01,100,SUP001
2025-04-25,R1002,Resistor,2,0,-261,7,0.01,100,SUP001
2025-04-25,C2001,Capacitor,5,0,130,10,0.02,200,SUP002
2025-04-25,C2002,Capacitor,3,0,-172,14,0.05,200,SUP002
2025-04-25,IC3001,IC,3,0,-347,21,2.5,50,SUP003
2025-04-25,IC3002,IC,6,0,-346,10,0.35,50,SUP003
2025-04-25,R1003,Resistor,4,0,-234,7,0.01,100,SUP001
2025-04-25,C2003,Capacitor,3,0,38,10,0.03,200,SUP002
2025-04-25,IC3003,IC,2,0,-390,12,0.4,50,SUP003
2025-04-25,IC3004,IC,5,0,-392,28,3.75,50,SUP004
2025-04-26,R1001,Resistor,9,0,-73,7,0.01,100,SUP001
2025-04-26,R1002,Resistor,14,0,-275,7,0.01,100,SUP001
2025-04-26,C2001,Capacitor,1,0,129,10,0.02,200,SUP002
2025-04-26,C2002,Capacitor,1,0,-173,14,0.05,200,SUP002
2025-04-26,IC3001,IC,2,0,-349,21,2.5,50,SUP003
2025-04-26,IC3002,IC,1,0,-347,10,0.35,50,SUP003
2025-04-26,R1003,Resistor,11,0,-245,7,0.01,100,SUP001
2025-04-26,C2003,Capacitor,1,0,37,10,0.03,200,SUP002
2025-04-26,IC3003,IC,5,0,-395,12,0.4,50,SUP003
2025-04-26,IC3004,IC,1,0,-393,28,3.75,50,SUP004
2025-04-27,R1001,Resistor,9,0,-82,7,0.01,100,SUP001
2025-04-27,R1002,Resistor,14,0,-289,7,0.01,100,SUP001
2025-04-27,C2001,Capacitor,1,0,128,10,0.02,200,SUP002
2025-04-27,C2002,Capacitor,4,0,-177,14,0.05,200,SUP002
2025-04-27,IC3001,IC,2,0,-351,21,2.5,50,SUP003
2025-04-27,IC3002,IC,4,0,-351,10,0.35,50,SUP003
2025-04-27,R1003,Resistor,5,0,-250,7,0.01,100,SUP001
2025-04-27,C2003,Capacitor,5,0,32,10,0.03,200,SUP002
2025-04-27,IC3003,IC,2,0,-397,12,0.4,50,SUP003
2025-04-27,IC3004,IC,6,0,-399,28,3.75,50,SUP004
2025-04-28,R1001,Resistor,14,0,-96,7,0.01,100,SUP001
2025-04-28,R1002,Resistor,5,0,-294,7,0.01,100,SUP001
2025-04-28,C2001,Capacitor,3,0,125,10,0.02,200,SUP002
2025-04-28,C2002,Capacitor,4,0,-181,14,0.05,200,SUP002
2025-04-28,IC3001,IC,3,0,-354,21,2.5,50,SUP003
2025-04-28,IC3002,IC,1,0,-352,10,0.35,50,SUP003
2025-04-28,R1003,Resistor,4,0,-254,7,0.01,100,SUP001
2025-04-28,C2003,Capacitor,8,0,24,10,0.03,200,SUP002
2025-04-28,IC3003,IC,5,0,-402,12,0.4,50,SUP003
2025-04-28,IC3004,IC,5,0,-404,28,3.75,50,SUP004
2025-04-29,R1001,Resistor,9,0,-105,7,0.01,100,SUP001
2025-04-29,R1002,Resistor,14,0,-308,7,0.01,100,SUP001
2025-04-29,C2001,Capacitor,1,0,124,10,0.02,200,SUP002
2025-04-29,C2002,Capacitor,3,0,-184,14,0.05,200,SUP002
2025-04-29,IC3001,IC,7,0,-361,21,2.5,50,SUP003
2025-04-29,IC3002,IC,6,0,-358,10,0.35,50,SUP003
2025-04-29,R1003,Resistor,6,0,-260,7,0.01,100,SUP001
2025-04-29,C2003,Capacitor,3,0,21,10,0.03,200,SUP002
2025-04-29,IC3003,IC,8,0,-410,12,0.4,50,SUP003
2025-04-29,IC3004,IC,6,0,-410,28,3.75,50,SUP004
2025-04-30,R1001,Resistor,11,0,-116,7,0.01,100,SUP001
2025-04-30,R1002,Resistor,9,0,-317,7,0.01,100,SUP001
2025-04-30,C2001,Capacitor,7,0,117,10,0.02,200,SUP002
2025-04-30,C2002,Capacitor,1,0,-185,14,0.05,200,SUP002
2025-04-30,IC3001,IC,1,0,-362,21,2.5,50,SUP003
2025-04-30,IC3002,IC,6,0,-364,10,0.35,50,SUP003
2025-04-30,R1003,Resistor,2,0,-262,7,0.01,100,SUP001
2025-04-30,C2003,Capacitor,2,0,19,10,0.03,200,SUP002
2025-04-30,IC3003,IC,0,0,-410,12,0.4,50,SUP003
2025-04-30,IC3004,IC,5,0,-415,28,3.75,50,SUP004
2025-05-01,R1001,Resistor,15,0,-131,7,0.01,100,SUP001
2025-05-01,R1002,Resistor,6,0,-323,7,0.01,100,SUP001
2025-05-01,C2001,Capacitor,2,0,115,10,0.02,200,SUP002
2025-05-01,C2002,Capacitor,5,0,-190,14,0.05,200,SUP002
2025-05-01,IC3001,IC,5,0,-367,21,2.5,50,SUP003
2025-05-01,IC3002,IC,6,0,-370,10,0.35,50,SUP003
2025-05-01,R1003,Resistor,14,0,-276,7,0.01,100,SUP001
2025-05-01,C2003,Capacitor,6,0,13,10,0.03,200,SUP002
2025-05-01,IC3003,IC,6,0,-416,12,0.4,50,SUP003
2025-05-01,IC3004,IC,1,0,-416,28,3.75,50,SUP004
2025-05-02,R1001,Resistor,7,0,-138,7,0.01,100,SUP001
2025-05-02,R1002,Resistor,17,0,-340,7,0.01,100,SUP001
2025-05-02,C2001,Capacitor,5,0,110,10,0.02,200,SUP002
2025-05-02,C2002,Capacitor,0,0,-190,14,0.05,200,SUP002
2025-05-02,IC3001,IC,4,0,-371,21,2.5,50,SUP003
2025-05-02,IC3002,IC,0,0,-370,10,0.35,50,SUP003
2025-05-02,R1003,Resistor,11,0,-287,7,0.01,100,SUP001
2025-05-02,C2003,Capacitor,6,0,7,10,0.03,200,SUP002
2025-05-02,IC3003,IC,6,0,-422,12,0.4,50,SUP003
2025-05-02,IC3004,IC,9,0,-425,28,3.75,50,SUP004
2025-05-03,R1001,Resistor,7,0,-145,7,0.01,100,SUP001
2025-05-03,R1002,Resistor,18,0,-358,7,0.01,100,SUP001
2025-05-03,C2001,Capacitor,6,0,104,10,0.02,200,SUP002
2025-05-03,C2002,Capacitor,11,0,-201,14,0.05,200,SUP002
2025-05-03,IC3001,IC,10,0,-381,21,2.5,50,SUP003
2025-05-03,IC3002,IC,1,0,-371,10,0.35,50,SUP003
2025-05-03,R1003,Resistor,11,0,-298,7,0.01,100,SUP001
2025-05-03,C2003,Capacitor,4,0,3,10,0.03,200,SUP002
2025-05-03,IC3003,IC,3,0,-425,12,0.4,50,SUP003
2025-05-03,IC3004,IC,5,0,-430,28,3.75,50,SUP004
2025-05-04,R1001,Resistor,8,0,-153,7,0.01,100,SUP001
2025-05-04,R1002,Resistor,6,0,-364,7,0.01,100,SUP001
2025-05-04,C2001,Capacitor,4,0,100,10,0.02,200,SUP002
2025-05-04,C2002,Capacitor,9,0,-210,14,0.05,200,SUP002
2025-05-04,IC3001,IC,0,0,-381,21,2.5,50,SUP003
2025-05-04,IC3002,IC,9,0,-380,10,0.35,50,SUP003
2025-05-04,R1003,Resistor,5,0,-303,7,0.01,100,SUP001
2025-05-04,C2003,Capacitor,2,0,1,10,0.03,200,SUP002
2025-05-04,IC3003,IC,8,0,-433,12,0.4,50,SUP003
2025-05-04,IC3004,IC,5,0,-435,28,3.75,50,SUP004
2025-05-05,R1001,Resistor,17,0,-170,7,0.01,100,SUP001
2025-05-05,R1002,Resistor,11,0,-375,7,0.01,100,SUP001
2025-05-05,C2001,Capacitor,3,0,97,10,0.02,200,SUP002
2025-05-05,C2002,Capacitor,9,0,-219,14,0.05,200,SUP002
2025-05-05,IC3001,IC,4,0,-385,21,2.5,50,SUP003
2025-05-05,IC3002,IC,6,0,-386,10,0.35,50,SUP003
2025-05-05,R1003,Resistor,21,0,-324,7,0.01,100,SUP001
2025-05-05,C2003,Capacitor,1,0,0,10,0.03,200,SUP002
2025-05-05,IC3003,IC,5,0,-438,12,0.4,50,SUP003
2025-05-05,IC3004,IC,2,0,-437,28,3.75,50,SUP004
2025-05-06,R1001,Resistor,11,0,-181,7,0.01,100,SUP001
2025-05-06,R1002,Resistor,10,0,-385,7,0.01,100,SUP001
2025-05-06,C2001,Capacitor,7,0,90,10,0.02,200,SUP002
2025-05-06,C2002,Capacitor,5,0,-224,14,0.05,200,SUP002
2025-05-06,IC3001,IC,1,0,-386,21,2.5,50,SUP003
2025-05-06,IC3002,IC,1,0,-387,10,0.35,50,SUP003
2025-05-06,R1003,Resistor,9,0,-333,7,0.01,100,SUP001
2025-05-06,C2003,Capacitor,2,0,-2,10,0.03,200,SUP002
2025-05-06,IC3003,IC,9,0,-447,12,0.4,50,SUP003
2025-05-06,IC3004,IC,3,0,-440,28,3.75,50,SUP004
2025-05-07,R1001,Resistor,2,0,-183,7,0.01,100,SUP001
2025-05-07,R1002,Resistor,6,0,-391,7,0.01,100,SUP001
2025-05-07,C2001,Capacitor,6,0,84,10,0.02,200,SUP002
2025-05-07,C2002,Capacitor,3,0,-227,14,0.05,200,SUP002
2025-05-07,IC3001,IC,2,0,-388,21,2.5,50,SUP003
2025-05-07,IC3002,IC,3,0,-390,10,0.35,50,SUP003
2025-05-07,R1003,Resistor,12,0,-345,7,0.01,100,SUP001
2025-05-07,C2003,Capacitor,4,0,-6,10,0.03,200,SUP002
2025-05-07,IC3003,IC,8,0,-455,12,0.4,50,SUP003
2025-05-07,IC3004,IC,9,0,-449,28,3.75,50,SUP004
2025-05-08,R1001,Resistor,7,0,-190,7,0.01,100,SUP001
2025-05-08,R1002,Resistor,8,0,-399,7,0.01,100,SUP001
2025-05-08,C2001,Capacitor,6,0,78,10,0.02,200,SUP002
2025-05-08,C2002,Capacitor,3,0,-230,14,0.05,200,SUP002
2025-05-08,IC3001,IC,2,0,-390,21,2.5,50,SUP003
2025-05-08,IC3002,IC,4,0,-394,10,0.35,50,SUP003
2025-05-08,R1003,Resistor,14,0,-359,7,0.01,100,SUP001
2025-05-08,C2003,Capacitor,8,0,-14,10,0.03,200,SUP002
2025-05-08,IC3003,IC,5,0,-460,12,0.4,50,SUP003
2025-05-08,IC3004,IC,2,0,-451,28,3.75,50,SUP004
2025-05-09,R1001,Resistor,9,0,-199,7,0.01,100,SUP001
2025-05-09,R1002,Resistor,11,0,-410,7,0.01,100,SUP001
2025-05-09,C2001,Capacitor,2,0,76,10,0.02,200,SUP002
2025-05-09,C2002,Capacitor,2,0,-232,14,0.05,200,SUP002
2025-05-09,IC3001,IC,3,0,-393,21,2.5,50,SUP003
2025-05-09,IC3002,IC,1,0,-395,10,0.35,50,SUP003
2025-05-09,R1003,Resistor,2,0,-361,7,0.01,100,SUP001
2025-05-09,C2003,Capacitor,11,0,-25,10,0.03,200,SUP002
2025-05-09,IC3003,IC,1,0,-461,12,0.4,50,SUP003
2025-05-09,IC3004,IC,2,0,-453,28,3.75,50,SUP004
2025-05-10,R1001,Resistor,8,0,-207,7,0.01,100,SUP001
2025-05-10,R1002,Resistor,9,0,-419,7,0.01,100,SUP001
2025-05-10,C2001,Capacitor,1,0,75,10,0.02,200,SUP002
2025-05-10,C2002,Capacitor,1,0,-233,14,0.05,200,SUP002
2025-05-10,IC3001,IC,4,0,-397,21,2.5,50,SUP003
2025-05-10,IC3002,IC,6,0,-401,10,0.35,50,SUP003
2025-05-10,R1003,Resistor,12,0,-373,7,0.01,100,SUP001
2025-05-10,C2003,Capacitor,6,0,-31,10,0.03,200,SUP002
2025-05-10,IC3003,IC,4,0,-465,12,0.4,50,SUP003
2025-05-10,IC3004,IC,3,0,-456,28,3.75,50,SUP004
2025-05-11,R1001,Resistor,21,0,-228,7,0.01,100,SUP001
2025-05-11,R1002,Resistor,19,0,-438,7,0.01,100,SUP001
2025-05-11,C2001,Capacitor,8,0,67,10,0.02,200,SUP002
2025-05-11,C2002,Capacitor,10,0,-243,14,0.05,200,SUP002
2025-05-11,IC3001,IC,5,0,-402,21,2.5,50,SUP003
2025-05-11,IC3002,IC,5,0,-406,10,0.35,50,SUP003
2025-05-11,R1003,Resistor,11,0,-384,7,0.01,100,SUP001
2025-05-11,C2003,Capacitor,5,0,-36,10,0.03,200,SUP002
2025-05-11,IC3003,IC,7,0,-472,12,0.4,50,SUP003
2025-05-11,IC3004,IC,4,0,-460,28,3.75,50,SUP004
2025-05-12,R1001,Resistor,8,0,-236,7,0.01,100,SUP001
2025-05-12,R1002,Resistor,6,0,-444,7,0.01,100,SUP001
2025-05-12,C2001,Capacitor,5,0,62,10,0.02,200,SUP002
2025-05-12,C2002,Capacitor,5,0,-248,14,0.05,200,SUP002
2025-05-12,IC3001,IC,5,0,-407,21,2.5,50,SUP003
2025-05-12,IC3002,IC,1,0,-407,10,0.35,50,SUP003
2025-05-12,R1003,Resistor,5,0,-389,7,0.01,100,SUP001
2025-05-12,C2003,Capacitor,4,0,-40,10,0.03,200,SUP002
2025-05-12,IC3003,IC,3,0,-475,12,0.4,50,SUP003
2025-05-12,IC3004,IC,8,0,-468,28,3.75,50,SUP004
2025-05-13,R1001,Resistor,3,0,-239,7,0.01,100,SUP001
2025-05-13,R1002,Resistor,14,0,-458,7,0.01,100,SUP001
2025-05-13,C2001,Capacitor,2,0,60,10,0.02,200,SUP002
2025-05-13,C2002,Capacitor,1,0,-249,14,0.05,200,SUP002
2025-05-13,IC3001,IC,3,0,-410,21,2.5,50,SUP003
2025-05-13,IC3002,IC,2,0,-409,10,0.35,50,SUP003
2025-05-13,R1003,Resistor,7,0,-396,7,0.01,100,SUP001
2025-05-13,C2003,Capacitor,0,0,-40,10,0.03,200,SUP002
2025-05-13,IC3003,IC,7,0,-482,12,0.4,50,SUP003
2025-05-13,IC3004,IC,4,0,-472,28,3.75,50,SUP004
2025-05-14,R1001,Resistor,14,0,-253,7,0.01,100,SUP001
2025-05-14,R1002,Resistor,8,0,-466,7,0.01,100,SUP001
2025-05-14,C2001,Capacitor,8,0,52,10,0.02,200,SUP002
2025-05-14,C2002,Capacitor,4,0,-253,14,0.05,200,SUP002
2025-05-14,IC3001,IC,5,0,-415,21,2.5,50,SUP003
2025-05-14,IC3002,IC,5,0,-414,10,0.35,50,SUP003
2025-05-14,R1003,Resistor,12,0,-408,7,0.01,100,SUP001
2025-05-14,C2003,Capacitor,4,0,-44,10,0.03,200,SUP002
2025-05-14,IC3003,IC,4,0,-486,12,0.4,50,SUP003
2025-05-14,IC3004,IC,2,0,-474,28,3.75,50,SUP004
2025-05-15,R1001,Resistor,9,0,-262,7,0.01,100,SUP001
2025-05-15,R1002,Resistor,3,0,-469,7,0.01,100,SUP001
2025-05-15,C2001,Capacitor,3,0,49,10,0.02,200,SUP002
2025-05-15,C2002,Capacitor,1,0,-254,14,0.05,200,SUP002
2025-05-15,IC3001,IC,8,0,-423,21,2.5,50,SUP003
2025-05-15,IC3002,IC,3,0,-417,10,0.35,50,SUP003
2025-05-15,R1003,Resistor,11,0,-419,7,0.01,100,SUP001
2025-05-15,C2003,Capacitor,13,0,-57,10,0.03,200,SUP002
2025-05-15,IC3003,IC,2,0,-488,12,0.4,50,SUP003
2025-05-15,IC3004,IC,5,0,-479,28,3.75,50,SUP004
2025-05-16,R1001,Resistor,4,0,-266,7,0.01,100,SUP001
2025-05-16,R1002,Resistor,6,0,-475,7,0.01,100,SUP001
2025-05-16,C2001,Capacitor,3,0,46,10,0.02,200,SUP002
2025-05-16,C2002,Capacitor,2,0,-256,14,0.05,200,SUP002
2025-05-16,IC3001,IC,6,0,-429,21,2.5,50,SUP003
2025-05-16,IC3002,IC,1,0,-418,10,0.35,50,SUP003
2025-05-16,R1003,Resistor,4,0,-423,7,0.01,100,SUP001
2025-05-16,C2003,Capacitor,9,0,-66,10,0.03,200,SUP002
2025-05-16,IC3003,IC,9,0,-497,12,0.4,50,SUP003
2025-05-16,IC3004,IC,6,0,-485,28,3.75,50,SUP004
2025-05-17,R1001,Resistor,15,0,-281,7,0.01,100,SUP001
2025-05-17,R1002,Resistor,7,0,-482,7,0.01,100,SUP001
2025-05-17,C2001,Capacitor,4,0,42,10,0.02,200,SUP002
2025-05-17,C2002,Capacitor,2,0,-258,14,0.05,200,SUP002
2025-05-17,IC3001,IC,7,0,-436,21,2.5,50,SUP003
2025-05-17,IC3002,IC,8,0,-426,10,0.35,50,SUP003
2025-05-17,R1003,Resistor,11,0,-434,7,0.01,100,SUP001
2025-05-17,C2003,Capacitor,7,0,-73,10,0.03,200,SUP002
2025-05-17,IC3003,IC,1,0,-498,12,0.4,50,SUP003
2025-05-17,IC3004,IC,6,0,-491,28,3.75,50,SUP004
2025-05-18,R1001,Resistor,11,0,-292,7,0.01,100,SUP001
2025-05-18,R1002,Resistor,10,0,-492,7,0.01,100,SUP001
2025-05-18,C2001,Capacitor,1,0,41,10,0.02,200,SUP002
2025-05-18,C2002,Capacitor,5,0,-263,14,0.05,200,SUP002
2025-05-18,IC3001,IC,5,0,-441,21,2.5,50,SUP003
2025-05-18,IC3002,IC,4,0,-430,10,0.35,50,SUP003
2025-05-18,R1003,Resistor,2,0,-436,7,0.01,100,SUP001
2025-05-18,C2003,Capacitor,6,0,-79,10,0.03,200,SUP002
2025-05-18,IC3003,IC,5,0,-503,12,0.4,50,SUP003
2025-05-18,IC3004,IC,2,0,-493,28,3.75,50,SUP004
2025-05-19,R1001,Resistor,13,0,-305,7,0.01,100,SUP001
2025-05-19,R1002,Resistor,7,0,-499,7,0.01,100,SUP001
2025-05-19,C2001,Capacitor,7,0,34,10,0.02,200,SUP002
2025-05-19,C2002,Capacitor,5,0,-268,14,0.05,200,SUP002
2025-05-19,IC3001,IC,0,0,-441,21,2.5,50,SUP003
2025-05-19,IC3002,IC,1,0,-431,10,0.35,50,SUP003
2025-05-19,R1003,Resistor,10,0,-446,7,0.01,100,SUP001
2025-05-19,C2003,Capacitor,3,0,-82,10,0.03,200,SUP002
2025-05-19,IC3003,IC,5,0,-508,12,0.4,50,SUP003
2025-05-19,IC3004,IC,3,0,-496,28,3.75,50,SUP004
2025-05-20,R1001,Resistor,6,0,-311,7,0.01,100,SUP001
2025-05-20,R1002,Resistor,13,0,-512,7,0.01,100,SUP001
2025-05-20,C2001,Capacitor,5,0,29,10,0.02,200,SUP002
2025-05-20,C2002,Capacitor,4,0,-272,14,0.05,200,SUP002
2025-05-20,IC3001,IC,1,0,-442,21,2.5,50,SUP003
2025-05-20,IC3002,IC,8,0,-439,10,0.35,50,SUP003
2025-05-20,R1003,Resistor,13,0,-459,7,0.01,100,SUP001
2025-05-20,C2003,Capacitor,7,0,-89,10,0.03,200,SUP002
2025-05-20,IC3003,IC,6,0,-514,12,0.4,50,SUP003
2025-05-20,IC3004,IC,11,0,-507,28,3.75,50,SUP004
2025-05-21,R1001,Resistor,8,0,-319,7,0.01,100,SUP001
2025-05-21,R1002,Resistor,11,0,-523,7,0.01,100,SUP001
2025-05-21,C2001,Capacitor,5,0,24,10,0.02,200,SUP002
2025-05-21,C2002,Capacitor,3,0,-275,14,0.05,200,SUP002
2025-05-21,IC3001,IC,9,0,-451,21,2.5,50,SUP003
2025-05-21,IC3002,IC,6,0,-445,10,0.35,50,SUP003
2025-05-21,R1003,Resistor,7,0,-466,7,0.01,100,SUP001
2025-05-21,C2003,Capacitor,7,0,-96,10,0.03,200,SUP002
2025-05-21,IC3003,IC,2,0,-516,12,0.4,50,SUP003
2025-05-21,IC3004,IC,3,0,-510,28,3.75,50,SUP004
2025-05-22,R1001,Resistor,8,0,-327,7,0.01,100,SUP001
2025-05-22,R1002,Resistor,17,0,-540,7,0.01,100,SUP001
2025-05-22,C2001,Capacitor,11,0,13,10,0.02,200,SUP002
2025-05-22,C2002,Capacitor,5,0,-280,14,0.05,200,SUP002
2025-05-22,IC3001,IC,7,0,-458,21,2.5,50,SUP003
2025-05-22,IC3002,IC,5,0,-450,10,0.35,50,SUP003
2025-05-22,R1003,Resistor,6,0,-472,7,0.01,100,SUP001
2025-05-22,C2003,Capacitor,3,0,-99,10,0.03,200,SUP002
2025-05-22,IC3003,IC,2,0,-518,12,0.4,50,SUP003
2025-05-22,IC3004,IC,1,0,-511,28,3.75,50,SUP004
2025-05-23,R1001,Resistor,10,0,-337,7,0.01,100,SUP001
2025-05-23,R1002,Resistor,8,0,-548,7,0.01,100,SUP001
2025-05-23,C2001,Capacitor,6,0,7,10,0.02,200,SUP002
2025-05-23,C2002,Capacitor,3,0,-283,14,0.05,200,SUP002
2025-05-23,IC3001,IC,2,0,-460,21,2.5,50,SUP003
2025-05-23,IC3002,IC,4,0,-454,10,0.35,50,SUP003
2025-05-23,R1003,Resistor,3,0,-475,7,0.01,100,SUP001
2025-05-23,C2003,Capacitor,4,0,-103,10,0.03,200,SUP002
2025-05-23,IC3003,IC,5,0,-523,12,0.4,50,SUP003
2025-05-23,IC3004,IC,5,0,-516,28,3.75,50,SUP004
2025-05-24,R1001,Resistor,9,0,-346,7,0.01,100,SUP001
2025-05-24,R1002,Resistor,22,0,-570,7,0.01,100,SUP001
2025-05-24,C2001,Capacitor,4,0,3,10,0.02,200,SUP002
2025-05-24,C2002,Capacitor,3,0,-286,14,0.05,200,SUP002
2025-05-24,IC3001,IC,7,0,-467,21,2.5,50,SUP003
2025-05-24,IC3002,IC,2,0,-456,10,0.35,50,SUP003
2025-05-24,R1003,Resistor,8,0,-483,7,0.01,100,SUP001
2025-05-24,C2003,Capacitor,8,0,-111,10,0.03,200,SUP002
2025-05-24,IC3003,IC,2,0,-525,12,0.4,50,SUP003
2025-05-24,IC3004,IC,2,0,-518,28,3.75,50,SUP004
2025-05-25,R1001,Resistor,10,0,-356,7,0.01,100,SUP001
2025-05-25,R1002,Resistor,4,0,-574,7,0.01,100,SUP001
2025-05-25,C2001,Capacitor,5,0,-2,10,0.02,200,SUP002
2025-05-25,C2002,Capacitor,3,0,-289,14,0.05,200,SUP002
2025-05-25,IC3001,IC,6,0,-473,21,2.5,50,SUP003
2025-05-25,IC3002,IC,5,0,-461,10,0.35,50,SUP003
2025-05-25,R1003,Resistor,3,0,-486,7,0.01,100,SUP001
2025-05-25,C2003,Capacitor,1,0,-112,10,0.03,200,SUP002
2025-05-25,IC3003,IC,1,0,-526,12,0.4,50,SUP003
2025-05-25,IC3004,IC,1,0,-519,28,3.75,50,SUP004
2025-05-26,R1001,Resistor,11,0,-367,7,0.01,100,SUP001
2025-05-26,R1002,Resistor,14,0,-588,7,0.01,100,SUP001
2025-05-26,C2001,Capacitor,4,0,-6,10,0.02,200,SUP002
2025-05-26,C2002,Capacitor,1,0,-290,14,0.05,200,SUP002
2025-05-26,IC3001,IC,3,0,-476,21,2.5,50,SUP003
2025-05-26,IC3002,IC,0,0,-461,10,0.35,50,SUP003
2025-05-26,R1003,Resistor,5,0,-491,7,0.01,100,SUP001
2025-05-26,C2003,Capacitor,2,0,-114,10,0.03,200,SUP002
2025-05-26,IC3003,IC,6,0,-532,12,0.4,50,SUP003
2025-05-26,IC3004,IC,6,0,-525,28,3.75,50,SUP004
2025-05-27,R1001,Resistor,6,0,-373,7,0.01,100,SUP001
2025-05-27,R1002,Resistor,10,0,-598,7,0.01,100,SUP001
2025-05-27,C2001,Capacitor,4,0,-10,10,0.02,200,SUP002
2025-05-27,C2002,Capacitor,5,0,-295,14,0.05,200,SUP002
2025-05-27,IC3001,IC,6,0,-482,21,2.5,50,SUP003
2025-05-27,IC3002,IC,4,0,-465,10,0.35,50,SUP003
2025-05-27,R1003,Resistor,6,0,-497,7,0.01,100,SUP001
2025-05-27,C2003,Capacitor,5,0,-119,10,0.03,200,SUP002
2025-05-27,IC3003,IC,4,0,-536,12,0.4,50,SUP003
2025-05-27,IC3004,IC,3,0,-528,28,3.75,50,SUP004
2025-05-28,R1001,Resistor,7,0,-380,7,0.01,100,SUP001
2025-05-28,R1002,Resistor,5,0,-603,7,0.01,100,SUP001
2025-05-28,C2001,Capacitor,3,0,-13,10,0.02,200,SUP002
2025-05-28,C2002,Capacitor,2,0,-297,14,0.05,200,SUP002
2025-05-28,IC3001,IC,4,0,-486,21,2.5,50,SUP003
2025-05-28,IC3002,IC,2,0,-467,10,0.35,50,SUP003
2025-05-28,R1003,Resistor,18,0,-515,7,0.01,100,SUP001
2025-05-28,C2003,Capacitor,8,0,-127,10,0.03,200,SUP002
2025-05-28,IC3003,IC,1,0,-537,12,0.4,50,SUP003
2025-05-28,IC3004,IC,4,0,-532,28,3.75,50,SUP004
2025-05-29,R1001,Resistor,13,0,-393,7,0.01,100,SUP001
2025-05-29,R1002,Resistor,15,0,-618,7,0.01,100,SUP001
2025-05-29,C2001,Capacitor,2,0,-15,10,0.02,200,SUP002
2025-05-29,C2002,Capacitor,2,0,-299,14,0.05,200,SUP002
2025-05-29,IC3001,IC,13,0,-499,21,2.5,50,SUP003
2025-05-29,IC3002,IC,1,0,-468,10,0.35,50,SUP003
2025-05-29,R1003,Resistor,10,0,-525,7,0.01,100,SUP001
2025-05-29,C2003,Capacitor,5,0,-132,10,0.03,200,SUP002
2025-05-29,IC3003,IC,3,0,-540,12,0.4,50,SUP003
2025-05-29,IC3004,IC,1,0,-533,28,3.75,50,SUP004
2025-05-30,R1001,Resistor,13,0,-406,7,0.01,100,SUP001
2025-05-30,R1002,Resistor,13,0,-631,7,0.01,100,SUP001
2025-05-30,C2001,Capacitor,3,0,-18,10,0.02,200,SUP002
2025-05-30,C2002,Capacitor,1,0,-300,14,0.05,200,SUP002
2025-05-30,IC3001,IC,2,0,-501,21,2.5,50,SUP003
2025-05-30,IC3002,IC,0,0,-468,10,0.35,50,SUP003
2025-05-30,R1003,Resistor,6,0,-531,7,0.01,100,SUP001
2025-05-30,C2003,Capacitor,4,0,-136,10,0.03,200,SUP002
2025-05-30,IC3003,IC,2,0,-542,12,0.4,50,SUP003
2025-05-30,IC3004,IC,3,0,-536,28,3.75,50,SUP004
2025-05-31,R1001,Resistor,16,0,-422,7,0.01,100,SUP001
2025-05-31,R1002,Resistor,12,0,-643,7,0.01,100,SUP001
2025-05-31,C2001,Capacitor,7,0,-25,10,0.02,200,SUP002
2025-05-31,C2002,Capacitor,1,0,-301,14,0.05,200,SUP002
2025-05-31,IC3001,IC,10,0,-511,21,2.5,50,SUP003
2025-05-31,IC3002,IC,9,0,-477,10,0.35,50,SUP003
2025-05-31,R1003,Resistor,8,0,-539,7,0.01,100,SUP001
2025-05-31,C2003,Capacitor,3,0,-139,10,0.03,200,SUP002
2025-05-31,IC3003,IC,8,0,-550,12,0.4,50,SUP003
2025-05-31,IC3004,IC,0,0,-536,28,3.75,50,SUP004
2025-06-01,R1001,Resistor,6,0,-428,7,0.01,100,SUP001
2025-06-01,R1002,Resistor,9,0,-652,7,0.01,100,SUP001
2025-06-01,C2001,Capacitor,4,0,-29,10,0.02,200,SUP002
2025-06-01,C2002,Capacitor,2,0,-303,14,0.05,200,SUP002
2025-06-01,IC3001,IC,2,0,-513,21,2.5,50,SUP003
2025-06-01,IC3002,IC,9,0,-486,10,0.35,50,SUP003
2025-06-01,R1003,Resistor,3,0,-542,7,0.01,100,SUP001
2025-06-01,C2003,Capacitor,5,0,-144,10,0.03,200,SUP002
2025-06-01,IC3003,IC,1,0,-551,12,0.4,50,SUP003
2025-06-01,IC3004,IC,3,0,-539,28,3.75,50,SUP004
2025-06-02,R1001,Resistor,14,0,-442,7,0.01,100,SUP001
2025-06-02,R1002,Resistor,14,0,-666,7,0.01,100,SUP001
2025-06-02,C2001,Capacitor,4,0,-33,10,0.02,200,SUP002
2025-06-02,C2002,Capacitor,3,0,-306,14,0.05,200,SUP002
2025-06-02,IC3001,IC,5,0,-518,21,2.5,50,SUP003
2025-06-02,IC3002,IC,5,0,-491,10,0.35,50,SUP003
2025-06-02,R1003,Resistor,5,0,-547,7,0.01,100,SUP001
2025-06-02,C2003,Capacitor,5,0,-149,10,0.03,200,SUP002
2025-06-02,IC3003,IC,2,0,-553,12,0.4,50,SUP003
2025-06-02,IC3004,IC,4,0,-543,28,3.75,50,SUP004
2025-06-03,R1001,Resistor,8,0,-450,7,0.01,100,SUP001
2025-06-03,R1002,Resistor,8,0,-674,7,0.01,100,SUP001
2025-06-03,C2001,Capacitor,5,0,-38,10,0.02,200,SUP002
2025-06-03,C2002,Capacitor,2,0,-308,14,0.05,200,SUP002
2025-06-03,IC3001,IC,4,0,-522,21,2.5,50,SUP003
2025-06-03,IC3002,IC,9,0,-500,10,0.35,50,SUP003
2025-06-03,R1003,Resistor,7,0,-554,7,0.01,100,SUP001
2025-06-03,C2003,Capacitor,4,0,-153,10,0.03,200,SUP002
2025-06-03,IC3003,IC,6,0,-559,12,0.4,50,SUP003
2025-06-03,IC3004,IC,3,0,-546,28,3.75,50,SUP004
2025-06-04,R1001,Resistor,14,0,-464,7,0.01,100,SUP001
2025-06-04,R1002,Resistor,10,0,-684,7,0.01,100,SUP001
2025-06-04,C2001,Capacitor,9,0,-47,10,0.02,200,SUP002
2025-06-04,C2002,Capacitor,8,0,-316,14,0.05,200,SUP002
2025-06-04,IC3001,IC,2,0,-524,21,2.5,50,SUP003
2025-06-04,IC3002,IC,9,0,-509,10,0.35,50,SUP003
2025-06-04,R1003,Resistor,5,0,-559,7,0.01,100,SUP001
2025-06-04,C2003,Capacitor,4,0,-157,10,0.03,200,SUP002
2025-06-04,IC3003,IC,8,0,-567,12,0.4,50,SUP003
2025-06-04,IC3004,IC,9,0,-555,28,3.75,50,SUP004
2025-06-05,R1001,Resistor,6,0,-470,7,0.01,100,SUP001
2025-06-05,R1002,Resistor,4,0,-688,7,0.01,100,SUP001
2025-06-05,C2001,Capacitor,3,0,-50,10,0.02,200,SUP002
2025-06-05,C2002,Capacitor,6,0,-322,14,0.05,200,SUP002
2025-06-05,IC3001,IC,3,0,-527,21,2.5,50,SUP003
2025-06-05,IC3002,IC,6,0,-515,10,0.35,50,SUP003
2025-06-05,R1003,Resistor,12,0,-571,7,0.01,100,SUP001
2025-06-05,C2003,Capacitor,8,0,-165,10,0.03,200,SUP002
2025-06-05,IC3003,IC,8,0,-575,12,0.4,50,SUP003
2025-06-05,IC3004,IC,4,0,-559,28,3.75,50,SUP004
2025-06-06,R1001,Resistor,9,0,-479,7,0.01,100,SUP001
2025-06-06,R1002,Resistor,7,0,-695,7,0.01,100,SUP001
2025-06-06,C2001,Capacitor,4,0,-54,10,0.02,200,SUP002
2025-06-06,C2002,Capacitor,4,0,-326,14,0.05,200,SUP002
2025-06-06,IC3001,IC,2,0,-529,21,2.5,50,SUP003
2025-06-06,IC3002,IC,1,0,-516,10,0.35,50,SUP003
2025-06-06,R1003,Resistor,7,0,-578,7,0.01,100,SUP001
2025-06-06,C2003,Capacitor,7,0,-172,10,0.03,200,SUP002
2025-06-06,IC3003,IC,7,0,-582,12,0.4,50,SUP003
2025-06-06,IC3004,IC,2,0,-561,28,3.75,50,SUP004
2025-06-07,R1001,Resistor,14,0,-493,7,0.01,100,SUP001
2025-06-07,R1002,Resistor,11,0,-706,7,0.01,100,SUP001
2025-06-07,C2001,Capacitor,4,0,-58,10,0.02,200,SUP002
2025-06-07,C2002,Capacitor,2,0,-328,14,0.05,200,SUP002
2025-06-07,IC3001,IC,4,0,-533,21,2.5,50,SUP003
2025-06-07,IC3002,IC,7,0,-523,10,0.35,50,SUP003
2025-06-07,R1003,Resistor,17,0,-595,7,0.01,100,SUP001
2025-06-07,C2003,Capacitor,6,0,-178,10,0.03,200,SUP002
2025-06-07,IC3003,IC,6,0,-588,12,0.4,50,SUP003
2025-06-07,IC3004,IC,6,0,-567,28,3.75,50,SUP004
2025-06-08,R1001,Resistor,10,0,-503,7,0.01,100,SUP001
2025-06-08,R1002,Resistor,19,0,-725,7,0.01,100,SUP001
2025-06-08,C2001,Capacitor,3,0,-61,10,0.02,200,SUP002
2025-06-08,C2002,Capacitor,3,0,-331,14,0.05,200,SUP002
2025-06-08,IC3001,IC,3,0,-536,21,2.5,50,SUP003
2025-06-08,IC3002,IC,3,0,-526,10,0.35,50,SUP003
2025-06-08,R1003,Resistor,10,0,-605,7,0.01,100,SUP001
2025-06-08,C2003,Capacitor,1,0,-179,10,0.03,200,SUP002
2025-06-08,IC3003,IC,8,0,-596,12,0.4,50,SUP003
2025-06-08,IC3004,IC,4,0,-571,28,3.75,50,SUP004
2025-06-09,R1001,Resistor,9,0,-512,7,0.01,100,SUP001
2025-06-09,R1002,Resistor,11,0,-736,7,0.01,100,SUP001
2025-06-09,C2001,Capacitor,8,0,-69,10,0.02,200,SUP002
2025-06-09,C2002,Capacitor,5,0,-336,14,0.05,200,SUP002
2025-06-09,IC3001,IC,4,0,-540,21,2.5,50,SUP003
2025-06-09,IC3002,IC,6,0,-532,10,0.35,50,SUP003
2025-06-09,R1003,Resistor,7,0,-612,7,0.01,100,SUP001
2025-06-09,C2003,Capacitor,3,0,-182,10,0.03,200,SUP002
2025-06-09,IC3003,IC,5,0,-601,12,0.4,50,SUP003
2025-06-09,IC3004,IC,5,0,-576,28,3.75,50,SUP004
2025-06-10,R1001,Resistor,13,0,-525,7,0.01,100,SUP001
2025-06-10,R1002,Resistor,10,0,-746,7,0.01,100,SUP001
2025-06-10,C2001,Capacitor,0,0,-69,10,0.02,200,SUP002
2025-06-10,C2002,Capacitor,6,0,-342,14,0.05,200,SUP002
2025-06-10,IC3001,IC,2,0,-542,21,2.5,50,SUP003
2025-06-10,IC3002,IC,5,0,-537,10,0.35,50,SUP003
2025-06-10,R1003,Resistor,14,0,-626,7,0.01,100,SUP001
2025-06-10,C2003,Capacitor,1,0,-183,10,0.03,200,SUP002
2025-06-10,IC3003,IC,4,0,-605,12,0.4,50,SUP003
2025-06-10,IC3004,IC,4,0,-580,28,3.75,50,SUP004
2025-06-11,R1001,Resistor,10,0,-535,7,0.01,100,SUP001
2025-06-11,R1002,Resistor,10,0,-756,7,0.01,100,SUP001
2025-06-11,C2001,Capacitor,5,0,-74,10,0.02,200,SUP002
2025-06-11,C2002,Capacitor,3,0,-345,14,0.05,200,SUP002
2025-06-11,IC3001,IC,5,0,-547,21,2.5,50,SUP003
2025-06-11,IC3002,IC,4,0,-541,10,0.35,50,SUP003
2025-06-11,R1003,Resistor,9,0,-635,7,0.01,100,SUP001
2025-06-11,C2003,Capacitor,2,0,-185,10,0.03,200,SUP002
2025-06-11,IC3003,IC,8,0,-613,12,0.4,50,SUP003
2025-06-11,IC3004,IC,10,0,-590,28,3.75,50,SUP004
2025-06-12,R1001,Resistor,6,0,-541,7,0.01,100,SUP001
2025-06-12,R1002,Resistor,10,0,-766,7,0.01,100,SUP001
2025-06-12,C2001,Capacitor,6,0,-80,10,0.02,200,SUP002
2025-06-12,C2002,Capacitor,10,0,-355,14,0.05,200,SUP002
2025-06-12,IC3001,IC,0,0,-547,21,2.5,50,SUP003
2025-06-12,IC3002,IC,8,0,-549,10,0.35,50,SUP003
2025-06-12,R1003,Resistor,10,0,-645,7,0.01,100,SUP001
2025-06-12,C2003,Capacitor,5,0,-190,10,0.03,200,SUP002
2025-06-12,IC3003,IC,7,0,-620,12,0.4,50,SUP003
2025-06-12,IC3004,IC,1,0,-591,28,3.75,50,SUP004
2025-06-13,R1001,Resistor,12,0,-553,7,0.01,100,SUP001
2025-06-13,R1002,Resistor,9,0,-775,7,0.01,100,SUP001
2025-06-13,C2001,Capacitor,6,0,-86,10,0.02,200,SUP002
2025-06-13,C2002,Capacitor,0,0,-355,14,0.05,200,SUP002
2025-06-13,IC3001,IC,3,0,-550,21,2.5,50,SUP003
2025-06-13,IC3002,IC,6,0,-555,10,0.35,50,SUP003
2025-06-13,R1003,Resistor,2,0,-647,7,0.01,100,SUP001
2025-06-13,C2003,Capacitor,4,0,-194,10,0.03,200,SUP002
2025-06-13,IC3003,IC,8,0,-628,12,0.4,50,SUP003
2025-06-13,IC3004,IC,6,0,-597,28,3.75,50,SUP004
2025-06-14,R1001,Resistor,10,0,-563,7,0.01,100,SUP001
2025-06-14,R1002,Resistor,11,0,-786,7,0.01,100,SUP001
2025-06-14,C2001,Capacitor,1,0,-87,10,0.02,200,SUP002
2025-06-14,C2002,Capacitor,3,0,-358,14,0.05,200,SUP002
2025-06-14,IC3001,IC,6,0,-556,21,2.5,50,SUP003
2025-06-14,IC3002,IC,2,0,-557,10,0.35,50,SUP003
2025-06-14,R1003,Resistor,13,0,-660,7,0.01,100,SUP001
2025-06-14,C2003,Capacitor,1,0,-195,10,0.03,200,SUP002
2025-06-14,IC3003,IC,7,0,-635,12,0.4,50,SUP003
2025-06-14,IC3004,IC,7,0,-604,28,3.75,50,SUP004
2025-06-15,R1001,Resistor,8,0,-571,7,0.01,100,SUP001
2025-06-15,R1002,Resistor,13,0,-799,7,0.01,100,SUP001
2025-06-15,C2001,Capacitor,1,0,-88,10,0.02,200,SUP002
2025-06-15,C2002,Capacitor,6,0,-364,14,0.05,200,SUP002
2025-06-15,IC3001,IC,5,0,-561,21,2.5,50,SUP003
2025-06-15,IC3002,IC,1,0,-558,10,0.35,50,SUP003
2025-06-15,R1003,Resistor,9,0,-669,7,0.01,100,SUP001
2025-06-15,C2003,Capacitor,7,0,-202,10,0.03,200,SUP002
2025-06-15,IC3003,IC,2,0,-637,12,0.4,50,SUP003
2025-06-15,IC3004,IC,2,0,-606,28,3.75,50,SUP004
2025-06-16,R1001,Resistor,8,0,-579,7,0.01,100,SUP001
2025-06-16,R1002,Resistor,12,0,-811,7,0.01,100,SUP001
2025-06-16,C2001,Capacitor,9,0,-97,10,0.02,200,SUP002
2025-06-16,C2002,Capacitor,3,0,-367,14,0.05,200,SUP002
2025-06-16,IC3001,IC,3,0,-564,21,2.5,50,SUP003
2025-06-16,IC3002,IC,8,0,-566,10,0.35,50,SUP003
2025-06-16,R1003,Resistor,10,0,-679,7,0.01,100,SUP001
2025-06-16,C2003,Capacitor,2,0,-204,10,0.03,200,SUP002
2025-06-16,IC3003,IC,5,0,-642,12,0.4,50,SUP003
2025-06-16,IC3004,IC,0,0,-606,28,3.75,50,SUP004
2025-06-17,R1001,Resistor,7,0,-586,7,0.01,100,SUP001
2025-06-17,R1002,Resistor,14,0,-825,7,0.01,100,SUP001
2025-06-17,C2001,Capacitor,1,0,-98,10,0.02,200,SUP002
2025-06-17,C2002,Capacitor,6,0,-373,14,0.05,200,SUP002
2025-06-17,IC3001,IC,4,0,-568,21,2.5,50,SUP003
2025-06-17,IC3002,IC,5,0,-571,10,0.35,50,SUP003
2025-06-17,R1003,Resistor,11,0,-690,7,0.01,100,SUP001
2025-06-17,C2003,Capacitor,3,0,-207,10,0.03,200,SUP002
2025-06-17,IC3003,IC,7,0,-649,12,0.4,50,SUP003
2025-06-17,IC3004,IC,4,0,-610,28,3.75,50,SUP004
2025-06-18,R1001,Resistor,12,0,-598,7,0.01,100,SUP001
2025-06-18,R1002,Resistor,8,0,-833,7,0.01,100,SUP001
2025-06-18,C2001,Capacitor,7,0,-105,10,0.02,200,SUP002
2025-06-18,C2002,Capacitor,4,0,-377,14,0.05,200,SUP002
2025-06-18,IC3001,IC,11,0,-579,21,2.5,50,SUP003
2025-06-18,IC3002,IC,0,0,-571,10,0.35,50,SUP003
2025-06-18,R1003,Resistor,5,0,-695,7,0.01,100,SUP001
2025-06-18,C2003,Capacitor,1,0,-208,10,0.03,200,SUP002
2025-06-18,IC3003,IC,3,0,-652,12,0.4,50,SUP003
2025-06-18,IC3004,IC,3,0,-613,28,3.75,50,SUP004
2025-06-19,R1001,Resistor,4,0,-602,7,0.01,100,SUP001
2025-06-19,R1002,Resistor,13,0,-846,7,0.01,100,SUP001
2025-06-19,C2001,Capacitor,5,0,-110,10,0.02,200,SUP002
2025-06-19,C2002,Capacitor,3,0,-380,14,0.05,200,SUP002
2025-06-19,IC3001,IC,5,0,-584,21,2.5,50,SUP003
2025-06-19,IC3002,IC,2,0,-573,10,0.35,50,SUP003
2025-06-19,R1003,Resistor,3,0,-698,7,0.01,100,SUP001
2025-06-19,C2003,Capacitor,5,0,-213,10,0.03,200,SUP002
2025-06-19,IC3003,IC,12,0,-664,12,0.4,50,SUP003
2025-06-19,IC3004,IC,6,0,-619,28,3.75,50,SUP004
2025-06-20,R1001,Resistor,14,0,-616,7,0.01,100,SUP001
2025-06-20,R1002,Resistor,4,0,-850,7,0.01,100,SUP001
2025-06-20,C2001,Capacitor,6,0,-116,10,0.02,200,SUP002
2025-06-20,C2002,Capacitor,9,0,-389,14,0.05,200,SUP002
2025-06-20,IC3001,IC,3,0,-587,21,2.5,50,SUP003
2025-06-20,IC3002,IC,8,0,-581,10,0.35,50,SUP003
2025-06-20,R1003,Resistor,10,0,-708,7,0.01,100,SUP001
2025-06-20,C2003,Capacitor,2,0,-215,10,0.03,200,SUP002
2025-06-20,IC3003,IC,5,0,-669,12,0.4,50,SUP003
2025-06-20,IC3004,IC,3,0,-622,28,3.75,50,SUP004
2025-06-21,R1001,Resistor,8,0,-624,7,0.01,100,SUP001
2025-06-21,R1002,Resistor,4,0,-854,7,0.01,100,SUP001
2025-06-21,C2001,Capacitor,6,0,-122,10,0.02,200,SUP002
2025-06-21,C2002,Capacitor,7,0,-396,14,0.05,200,SUP002
2025-06-21,IC3001,IC,3,0,-590,21,2.5,50,SUP003
2025-06-21,IC3002,IC,2,0,-583,10,0.35,50,SUP003
2025-06-21,R1003,Resistor,6,0,-714,7,0.01,100,SUP001
2025-06-21,C2003,Capacitor,6,0,-221,10,0.03,200,SUP002
2025-06-21,IC3003,IC,1,0,-670,12,0.4,50,SUP003
2025-06-21,IC3004,IC,5,0,-627,28,3.75,50,SUP004
2025-06-22,R1001,Resistor,17,0,-641,7,0.01,100,SUP001
2025-06-22,R1002,Resistor,4,0,-858,7,0.01,100,SUP001
2025-06-22,C2001,Capacitor,6,0,-128,10,0.02,200,SUP002
2025-06-22,C2002,Capacitor,3,0,-399,14,0.05,200,SUP002
2025-06-22,IC3001,IC,1,0,-591,21,2.5,50,SUP003
2025-06-22,IC3002,IC,2,0,-585,10,0.35,50,SUP003
2025-06-22,R1003,Resistor,14,0,-728,7,0.01,100,SUP001
2025-06-22,C2003,Capacitor,8,0,-229,10,0.03,200,SUP002
2025-06-22,IC3003,IC,4,0,-674,12,0.4,50,SUP003
2025-06-22,IC3004,IC,2,0,-629,28,3.75,50,SUP004
2025-06-23,R1001,Resistor,14,0,-655,7,0.01,100,SUP001
2025-06-23,R1002,Resistor,3,0,-861,7,0.01,100,SUP001
2025-06-23,C2001,Capacitor,11,0,-139,10,0.02,200,SUP002
2025-06-23,C2002,Capacitor,2,0,-401,14,0.05,200,SUP002
2025-06-23,IC3001,IC,1,0,-592,21,2.5,50,SUP003
2025-06-23,IC3002,IC,0,0,-585,10,0.35,50,SUP003
2025-06-23,R1003,Resistor,11,0,-739,7,0.01,100,SUP001
2025-06-23,C2003,Capacitor,6,0,-235,10,0.03,200,SUP002
2025-06-23,IC3003,IC,7,0,-681,12,0.4,50,SUP003
2025-06-23,IC3004,IC,3,0,-632,28,3.75,50,SUP004
2025-06-24,R1001,Resistor,9,0,-664,7,0.01,100,SUP001
2025-06-24,R1002,Resistor,7,0,-868,7,0.01,100,SUP001
2025-06-24,C2001,Capacitor,9,0,-148,10,0.02,200,SUP002
2025-06-24,C2002,Capacitor,4,0,-405,14,0.05,200,SUP002
2025-06-24,IC3001,IC,3,0,-595,21,2.5,50,SUP003
2025-06-24,IC3002,IC,6,0,-591,10,0.35,50,SUP003
2025-06-24,R1003,Resistor,14,0,-753,7,0.01,100,SUP001
2025-06-24,C2003,Capacitor,5,0,-240,10,0.03,200,SUP002
2025-06-24,IC3003,IC,9,0,-690,12,0.4,50,SUP003
2025-06-24,IC3004,IC,8,0,-640,28,3.75,50,SUP004
2025-06-25,R1001,Resistor,12,0,-676,7,0.01,100,SUP001
2025-06-25,R1002,Resistor,12,0,-880,7,0.01,100,SUP001
2025-06-25,C2001,Capacitor,1,0,-149,10,0.02,200,SUP002
2025-06-25,C2002,Capacitor,8,0,-413,14,0.05,200,SUP002
2025-06-25,IC3001,IC,7,0,-602,21,2.5,50,SUP003
2025-06-25,IC3002,IC,7,0,-598,10,0.35,50,SUP003
2025-06-25,R1003,Resistor,3,0,-756,7,0.01,100,SUP001
2025-06-25,C2003,Capacitor,1,0,-241,10,0.03,200,SUP002
2025-06-25,IC3003,IC,3,0,-693,12,0.4,50,SUP003
2025-06-25,IC3004,IC,4,0,-644,28,3.75,50,SUP004
2025-06-26,R1001,Resistor,9,0,-685,7,0.01,100,SUP001
2025-06-26,R1002,Resistor,10,0,-890,7,0.01,100,SUP001
2025-06-26,C2001,Capacitor,9,0,-158,10,0.02,200,SUP002
2025-06-26,C2002,Capacitor,10,0,-423,14,0.05,200,SUP002
2025-06-26,IC3001,IC,1,0,-603,21,2.5,50,SUP003
2025-06-26,IC3002,IC,2,0,-600,10,0.35,50,SUP003
2025-06-26,R1003,Resistor,7,0,-763,7,0.01,100,SUP001
2025-06-26,C2003,Capacitor,9,0,-250,10,0.03,200,SUP002
2025-06-26,IC3003,IC,7,0,-700,12,0.4,50,SUP003
2025-06-26,IC3004,IC,2,0,-646,28,3.75,50,SUP004
2025-06-27,R1001,Resistor,7,0,-692,7,0.01,100,SUP001
2025-06-27,R1002,Resistor,12,0,-902,7,0.01,100,SUP001
2025-06-27,C2001,Capacitor,3,0,-161,10,0.02,200,SUP002
2025-06-27,C2002,Capacitor,3,0,-426,14,0.05,200,SUP002
2025-06-27,IC3001,IC,2,0,-605,21,2.5,50,SUP003
2025-06-27,IC3002,IC,3,0,-603,10,0.35,50,SUP003
2025-06-27,R1003,Resistor,16,0,-779,7,0.01,100,SUP001
2025-06-27,C2003,Capacitor,3,0,-253,10,0.03,200,SUP002
2025-06-27,IC3003,IC,6,0,-706,12,0.4,50,SUP003
2025-06-27,IC3004,IC,1,0,-647,28,3.75,50,SUP004
2025-06-28,R1001,Resistor,9,0,-701,7,0.01,100,SUP001
2025-06-28,R1002,Resistor,12,0,-914,7,0.01,100,SUP001
2025-06-28,C2001,Capacitor,2,0,-163,10,0.02,200,SUP002
2025-06-28,C2002,Capacitor,3,0,-429,14,0.05,200,SUP002
2025-06-28,IC3001,IC,2,0,-607,21,2.5,50,SUP003
2025-06-28,IC3002,IC,4,0,-607,10,0.35,50,SUP003
2025-06-28,R1003,Resistor,7,0,-786,7,0.01,100,SUP001
2025-06-28,C2003,Capacitor,12,0,-265,10,0.03,200,SUP002
2025-06-28,IC3003,IC,10,0,-716,12,0.4,50,SUP003
2025-06-28,IC3004,IC,5,0,-652,28,3.75,50,SUP004
2025-06-29,R1001,Resistor,18,0,-719,7,0.01,100,SUP001
2025-06-29,R1002,Resistor,16,0,-930,7,0.01,100,SUP001
2025-06-29,C2001,Capacitor,5,0,-168,10,0.02,200,SUP002
2025-06-29,C2002,Capacitor,3,0,-432,14,0.05,200,SUP002
2025-06-29,IC3001,IC,7,0,-614,21,2.5,50,SUP003
2025-06-29,IC3002,IC,3,0,-610,10,0.35,50,SUP003
2025-06-29,R1003,Resistor,16,0,-802,7,0.01,100,SUP001
2025-06-29,C2003,Capacitor,1,0,-266,10,0.03,200,SUP002
2025-06-29,IC3003,IC,5,0,-721,12,0.4,50,SUP003
2025-06-29,IC3004,IC,3,0,-655,28,3.75,50,SUP004
2025-06-30,R1001,Resistor,0,0,-719,7,0.01,100,SUP001
2025-06-30,R1002,Resistor,10,0,-940,7,0.01,100,SUP001
2025-06-30,C2001,Capacitor,3,0,-171,10,0.02,200,SUP002
2025-06-30,C2002,Capacitor,6,0,-438,14,0.05,200,SUP002
2025-06-30,IC3001,IC,3,0,-617,21,2.5,50,SUP003
2025-06-30,IC3002,IC,5,0,-615,10,0.35,50,SUP003
2025-06-30,R1003,Resistor,8,0,-810,7,0.01,100,SUP001
2025-06-30,C2003,Capacitor,12,0,-278,10,0.03,200,SUP002
2025-06-30,IC3003,IC,1,0,-722,12,0.4,50,SUP003
2025-06-30,IC3004,IC,2,0,-657,28,3.75,50,SUP004
