po_id,sku_id,date,order_quantity,expected_arrival,actual_arrival,supplier_id
PO0001,IC3004,2025-01-16,200,2025-02-13,2025-02-12,SUP004
PO0002,IC3004,2025-01-17,150,2025-02-14,2025-02-13,SUP004
PO0003,IC3004,2025-01-18,250,2025-02-15,2025-02-15,SUP004
PO0004,IC3003,2025-01-19,100,2025-01-31,2025-02-02,SUP003
PO0005,IC3004,2025-01-19,250,2025-02-16,2025-02-18,SUP004
PO0006,IC3003,2025-01-20,200,2025-02-01,2025-02-02,SUP003
PO0007,IC3004,2025-01-20,150,2025-02-17,2025-02-18,SUP004
PO0008,IC3003,2025-01-21,150,2025-02-02,2025-02-04,SUP003
PO0009,IC3004,2025-01-21,150,2025-02-18,2025-02-20,SUP004
PO0010,IC3003,2025-01-22,100,2025-02-03,2025-02-04,SUP003
PO0011,IC3004,2025-01-22,150,2025-02-19,2025-02-19,SUP004
PO0012,IC3003,2025-01-23,250,2025-02-04,2025-02-03,SUP003
PO0013,IC3004,2025-01-23,100,2025-02-20,2025-02-21,SUP004
PO0014,IC3003,2025-01-24,250,2025-02-05,2025-02-05,SUP003
PO0015,IC3004,2025-01-24,100,2025-02-21,2025-02-20,SUP004
PO0016,IC3003,2025-01-25,100,2025-02-06,2025-02-06,SUP003
PO0017,IC3004,2025-01-25,200,2025-02-22,2025-02-22,SUP004
PO0018,IC3002,2025-01-26,100,2025-02-05,2025-02-06,SUP003
PO0019,IC3003,2025-01-26,100,2025-02-07,2025-02-09,SUP003
PO0020,IC3004,2025-01-26,200,2025-02-23,2025-02-24,SUP004
PO0021,IC3001,2025-01-27,100,2025-02-17,2025-02-19,SUP003
PO0022,IC3002,2025-01-27,200,2025-02-06,2025-02-08,SUP003
PO0023,IC3003,2025-01-27,200,2025-02-08,2025-02-07,SUP003
PO0024,IC3004,2025-01-27,250,2025-02-24,2025-02-26,SUP004
PO0025,IC3001,2025-01-28,250,2025-02-18,2025-02-19,SUP003
PO0026,IC3002,2025-01-28,250,2025-02-07,2025-02-06,SUP003
PO0027,IC3003,2025-01-28,200,2025-02-09,2025-02-10,SUP003
PO0028,IC3004,2025-01-28,200,2025-02-25,2025-02-26,SUP004
PO0029,IC3001,2025-01-29,150,2025-02-19,2025-02-18,SUP003
PO0030,IC3002,2025-01-29,100,2025-02-08,2025-02-10,SUP003
PO0031,IC3003,2025-01-29,250,2025-02-10,2025-02-09,SUP003
PO0032,IC3004,2025-01-29,100,2025-02-26,2025-02-25,SUP004
PO0033,IC3001,2025-01-30,250,2025-02-20,2025-02-20,SUP003
PO0034,IC3002,2025-01-30,100,2025-02-09,2025-02-10,SUP003
PO0035,IC3003,2025-01-30,100,2025-02-11,2025-02-11,SUP003
PO0036,IC3004,2025-01-30,200,2025-02-27,2025-02-28,SUP004
PO0037,IC3001,2025-01-31,200,2025-02-21,2025-02-20,SUP003
PO0038,IC3002,2025-01-31,200,2025-02-10,2025-02-10,SUP003
PO0039,IC3003,2025-01-31,250,2025-02-12,2025-02-13,SUP003
PO0040,IC3004,2025-01-31,150,2025-02-28,2025-02-28,SUP004
PO0041,IC3001,2025-02-01,250,2025-02-22,2025-02-24,SUP003
PO0042,IC3002,2025-02-01,150,2025-02-11,2025-02-12,SUP003
PO0043,IC3003,2025-02-01,100,2025-02-13,2025-02-12,SUP003
PO0044,IC3004,2025-02-01,150,2025-03-01,2025-03-02,SUP004
PO0045,IC3001,2025-02-02,150,2025-02-23,2025-02-25,SUP003
PO0046,IC3002,2025-02-02,150,2025-02-12,2025-02-11,SUP003
PO0047,IC3003,2025-02-02,250,2025-02-14,2025-02-16,SUP003
PO0048,IC3004,2025-02-02,200,2025-03-02,2025-03-04,SUP004
PO0049,IC3001,2025-02-03,100,2025-02-24,2025-02-25,SUP003
PO0050,IC3002,2025-02-03,150,2025-02-13,2025-02-14,SUP003
PO0051,IC3003,2025-02-03,200,2025-02-15,2025-02-16,SUP003
PO0052,IC3004,2025-02-03,100,2025-03-03,2025-03-04,SUP004
PO0053,IC3001,2025-02-04,150,2025-02-25,2025-02-26,SUP003
PO0054,IC3002,2025-02-04,150,2025-02-14,2025-02-13,SUP003
PO0055,IC3003,2025-02-04,250,2025-02-16,2025-02-16,SUP003
PO0056,IC3004,2025-02-04,200,2025-03-04,2025-03-03,SUP004
PO0057,IC3001,2025-02-05,100,2025-02-26,2025-02-28,SUP003
PO0058,IC3002,2025-02-05,250,2025-02-15,2025-02-16,SUP003
PO0059,IC3003,2025-02-05,150,2025-02-17,2025-02-18,SUP003
PO0060,IC3004,2025-02-05,250,2025-03-05,2025-03-06,SUP004
PO0061,IC3001,2025-02-06,150,2025-02-27,2025-03-01,SUP003
PO0062,IC3002,2025-02-06,200,2025-02-16,2025-02-18,SUP003
PO0063,IC3003,2025-02-06,200,2025-02-18,2025-02-19,SUP003
PO0064,IC3004,2025-02-06,200,2025-03-06,2025-03-05,SUP004
PO0065,IC3001,2025-02-07,100,2025-02-28,2025-03-01,SUP003
PO0066,IC3002,2025-02-07,200,2025-02-17,2025-02-16,SUP003
PO0067,IC3003,2025-02-07,150,2025-02-19,2025-02-18,SUP003
PO0068,IC3004,2025-02-07,100,2025-03-07,2025-03-09,SUP004
PO0069,IC3001,2025-02-08,250,2025-03-01,2025-03-03,SUP003
PO0070,IC3002,2025-02-08,150,2025-02-18,2025-02-18,SUP003
PO0071,IC3003,2025-02-08,250,2025-02-20,2025-02-22,SUP003
PO0072,IC3004,2025-02-08,100,2025-03-08,2025-03-09,SUP004
PO0073,IC3001,2025-02-09,250,2025-03-02,2025-03-03,SUP003
PO0074,IC3002,2025-02-09,200,2025-02-19,2025-02-20,SUP003
PO0075,IC3003,2025-02-09,100,2025-02-21,2025-02-23,SUP003
PO0076,IC3004,2025-02-09,150,2025-03-09,2025-03-08,SUP004
PO0077,IC3001,2025-02-10,200,2025-03-03,2025-03-04,SUP003
PO0078,IC3002,2025-02-10,100,2025-02-20,2025-02-20,SUP003
PO0079,IC3003,2025-02-10,150,2025-02-22,2025-02-24,SUP003
PO0080,IC3004,2025-02-10,150,2025-03-10,2025-03-12,SUP004
PO0081,IC3001,2025-02-11,250,2025-03-04,2025-03-04,SUP003
PO0082,IC3002,2025-02-11,100,2025-02-21,2025-02-20,SUP003
PO0083,IC3003,2025-02-11,100,2025-02-23,2025-02-24,SUP003
PO0084,IC3004,2025-02-11,100,2025-03-11,2025-03-10,SUP004
PO0085,IC3001,2025-02-12,150,2025-03-05,2025-03-04,SUP003
PO0086,IC3002,2025-02-12,200,2025-02-22,2025-02-24,SUP003
PO0087,IC3003,2025-02-12,250,2025-02-24,2025-02-23,SUP003
PO0088,IC3004,2025-02-12,100,2025-03-12,2025-03-14,SUP004
PO0089,IC3001,2025-02-13,150,2025-03-06,2025-03-08,SUP003
PO0090,IC3002,2025-02-13,150,2025-02-23,2025-02-25,SUP003
PO0091,IC3003,2025-02-13,200,2025-02-25,2025-02-25,SUP003
PO0092,IC3004,2025-02-13,100,2025-03-13,2025-03-13,SUP004
PO0093,IC3001,2025-02-14,250,2025-03-07,2025-03-08,SUP003
PO0094,IC3002,2025-02-14,200,2025-02-24,2025-02-26,SUP003
PO0095,IC3003,2025-02-14,200,2025-02-26,2025-02-25,SUP003
PO0096,IC3004,2025-02-14,250,2025-03-14,2025-03-14,SUP004
PO0097,IC3001,2025-02-15,100,2025-03-08,2025-03-07,SUP003
PO0098,IC3002,2025-02-15,250,2025-02-25,2025-02-25,SUP003
PO0099,IC3003,2025-02-15,150,2025-02-27,2025-03-01,SUP003
PO0100,IC3004,2025-02-15,150,2025-03-15,2025-03-16,SUP004
PO0101,IC3001,2025-02-16,150,2025-03-09,2025-03-10,SUP003
PO0102,IC3002,2025-02-16,250,2025-02-26,2025-02-28,SUP003
PO0103,IC3003,2025-02-16,200,2025-02-28,2025-02-27,SUP003
PO0104,IC3004,2025-02-16,250,2025-03-16,2025-03-16,SUP004
PO0105,IC3001,2025-02-17,100,2025-03-10,2025-03-09,SUP003
PO0106,IC3002,2025-02-17,100,2025-02-27,2025-02-27,SUP003
PO0107,IC3003,2025-02-17,250,2025-03-01,2025-03-03,SUP003
PO0108,IC3004,2025-02-17,100,2025-03-17,2025-03-16,SUP004
PO0109,IC3001,2025-02-18,100,2025-03-11,2025-03-12,SUP003
PO0110,IC3002,2025-02-18,250,2025-02-28,2025-03-02,SUP003
PO0111,IC3003,2025-02-18,100,2025-03-02,2025-03-02,SUP003
PO0112,IC3004,2025-02-18,150,2025-03-18,2025-03-18,SUP004
PO0113,IC3001,2025-02-19,250,2025-03-12,2025-03-14,SUP003
PO0114,IC3002,2025-02-19,250,2025-03-01,2025-03-02,SUP003
PO0115,IC3003,2025-02-19,100,2025-03-03,2025-03-05,SUP003
PO0116,IC3004,2025-02-19,200,2025-03-19,2025-03-19,SUP004
PO0117,IC3001,2025-02-20,100,2025-03-13,2025-03-15,SUP003
PO0118,IC3002,2025-02-20,150,2025-03-02,2025-03-03,SUP003
PO0119,IC3003,2025-02-20,150,2025-03-04,2025-03-03,SUP003
PO0120,IC3004,2025-02-20,100,2025-03-20,2025-03-20,SUP004
PO0121,IC3001,2025-02-21,200,2025-03-14,2025-03-13,SUP003
PO0122,IC3002,2025-02-21,200,2025-03-03,2025-03-04,SUP003
PO0123,IC3003,2025-02-21,250,2025-03-05,2025-03-04,SUP003
PO0124,IC3004,2025-02-21,200,2025-03-21,2025-03-23,SUP004
PO0125,IC3001,2025-02-22,200,2025-03-15,2025-03-16,SUP003
PO0126,IC3002,2025-02-22,200,2025-03-04,2025-03-04,SUP003
PO0127,IC3003,2025-02-22,150,2025-03-06,2025-03-08,SUP003
PO0128,IC3004,2025-02-22,150,2025-03-22,2025-03-22,SUP004
PO0129,IC3001,2025-02-23,150,2025-03-16,2025-03-16,SUP003
PO0130,IC3002,2025-02-23,250,2025-03-05,2025-03-06,SUP003
PO0131,IC3003,2025-02-23,150,2025-03-07,2025-03-07,SUP003
PO0132,IC3004,2025-02-23,150,2025-03-23,2025-03-24,SUP004
PO0133,IC3001,2025-02-24,250,2025-03-17,2025-03-19,SUP003
PO0134,IC3002,2025-02-24,150,2025-03-06,2025-03-08,SUP003
PO0135,IC3003,2025-02-24,150,2025-03-08,2025-03-07,SUP003
PO0136,IC3004,2025-02-24,100,2025-03-24,2025-03-26,SUP004
PO0137,IC3001,2025-02-25,100,2025-03-18,2025-03-20,SUP003
PO0138,IC3002,2025-02-25,150,2025-03-07,2025-03-08,SUP003
PO0139,IC3003,2025-02-25,250,2025-03-09,2025-03-08,SUP003
PO0140,IC3004,2025-02-25,250,2025-03-25,2025-03-24,SUP004
PO0141,IC3001,2025-02-26,250,2025-03-19,2025-03-21,SUP003
PO0142,IC3002,2025-02-26,150,2025-03-08,2025-03-10,SUP003
PO0143,IC3003,2025-02-26,250,2025-03-10,2025-03-09,SUP003
PO0144,IC3004,2025-02-26,100,2025-03-26,2025-03-28,SUP004
PO0145,IC3001,2025-02-27,250,2025-03-20,2025-03-22,SUP003
PO0146,IC3002,2025-02-27,250,2025-03-09,2025-03-10,SUP003
PO0147,IC3003,2025-02-27,100,2025-03-11,2025-03-10,SUP003
PO0148,IC3004,2025-02-27,250,2025-03-27,2025-03-28,SUP004
PO0149,IC3001,2025-02-28,250,2025-03-21,2025-03-21,SUP003
PO0150,IC3002,2025-02-28,100,2025-03-10,2025-03-10,SUP003
PO0151,IC3003,2025-02-28,200,2025-03-12,2025-03-12,SUP003
PO0152,IC3004,2025-02-28,150,2025-03-28,2025-03-27,SUP004
PO0153,C2002,2025-03-01,600,2025-03-15,2025-03-16,SUP002
PO0154,IC3001,2025-03-01,250,2025-03-22,2025-03-23,SUP003
PO0155,IC3002,2025-03-01,100,2025-03-11,2025-03-11,SUP003
PO0156,IC3003,2025-03-01,100,2025-03-13,2025-03-15,SUP003
PO0157,IC3004,2025-03-01,200,2025-03-29,2025-03-30,SUP004
PO0158,C2002,2025-03-02,1000,2025-03-16,2025-03-15,SUP002
PO0159,IC3001,2025-03-02,150,2025-03-23,2025-03-22,SUP003
PO0160,IC3002,2025-03-02,250,2025-03-12,2025-03-14,SUP003
PO0161,IC3003,2025-03-02,250,2025-03-14,2025-03-14,SUP003
PO0162,IC3004,2025-03-02,150,2025-03-30,2025-03-30,SUP004
PO0163,C2002,2025-03-03,800,2025-03-17,2025-03-19,SUP002
PO0164,IC3001,2025-03-03,200,2025-03-24,2025-03-24,SUP003
PO0165,IC3002,2025-03-03,150,2025-03-13,2025-03-15,SUP003
PO0166,IC3003,2025-03-03,250,2025-03-15,2025-03-15,SUP003
PO0167,IC3004,2025-03-03,250,2025-03-31,2025-04-01,SUP004
PO0168,C2002,2025-03-04,600,2025-03-18,2025-03-20,SUP002
PO0169,IC3001,2025-03-04,250,2025-03-25,2025-03-24,SUP003
PO0170,IC3002,2025-03-04,250,2025-03-14,2025-03-13,SUP003
PO0171,IC3003,2025-03-04,200,2025-03-16,2025-03-18,SUP003
PO0172,IC3004,2025-03-04,250,2025-04-01,2025-04-03,SUP004
PO0173,C2002,2025-03-05,600,2025-03-19,2025-03-18,SUP002
PO0174,IC3001,2025-03-05,100,2025-03-26,2025-03-25,SUP003
PO0175,IC3002,2025-03-05,100,2025-03-15,2025-03-14,SUP003
PO0176,IC3003,2025-03-05,200,2025-03-17,2025-03-17,SUP003
PO0177,IC3004,2025-03-05,250,2025-04-02,2025-04-04,SUP004
PO0178,C2002,2025-03-06,600,2025-03-20,2025-03-19,SUP002
PO0179,IC3001,2025-03-06,200,2025-03-27,2025-03-26,SUP003
PO0180,IC3002,2025-03-06,200,2025-03-16,2025-03-16,SUP003
PO0181,IC3003,2025-03-06,250,2025-03-18,2025-03-17,SUP003
PO0182,IC3004,2025-03-06,250,2025-04-03,2025-04-04,SUP004
PO0183,C2002,2025-03-07,400,2025-03-21,2025-03-23,SUP002
PO0184,IC3001,2025-03-07,250,2025-03-28,2025-03-30,SUP003
PO0185,IC3002,2025-03-07,100,2025-03-17,2025-03-18,SUP003
PO0186,IC3003,2025-03-07,200,2025-03-19,2025-03-21,SUP003
PO0187,IC3004,2025-03-07,100,2025-04-04,2025-04-03,SUP004
PO0188,C2002,2025-03-08,1000,2025-03-22,2025-03-22,SUP002
PO0189,IC3001,2025-03-08,200,2025-03-29,2025-03-31,SUP003
PO0190,IC3002,2025-03-08,250,2025-03-18,2025-03-17,SUP003
PO0191,IC3003,2025-03-08,200,2025-03-20,2025-03-19,SUP003
PO0192,IC3004,2025-03-08,250,2025-04-05,2025-04-06,SUP004
PO0193,C2002,2025-03-09,800,2025-03-23,2025-03-22,SUP002
PO0194,IC3001,2025-03-09,200,2025-03-30,2025-03-30,SUP003
PO0195,IC3002,2025-03-09,200,2025-03-19,2025-03-18,SUP003
PO0196,IC3003,2025-03-09,200,2025-03-21,2025-03-23,SUP003
PO0197,IC3004,2025-03-09,200,2025-04-06,2025-04-06,SUP004
PO0198,C2002,2025-03-10,1000,2025-03-24,2025-03-26,SUP002
PO0199,IC3001,2025-03-10,250,2025-03-31,2025-04-01,SUP003
PO0200,IC3002,2025-03-10,200,2025-03-20,2025-03-22,SUP003
PO0201,IC3003,2025-03-10,250,2025-03-22,2025-03-24,SUP003
PO0202,IC3004,2025-03-10,200,2025-04-07,2025-04-07,SUP004
PO0203,C2002,2025-03-11,800,2025-03-25,2025-03-24,SUP002
PO0204,IC3001,2025-03-11,100,2025-04-01,2025-03-31,SUP003
PO0205,IC3002,2025-03-11,250,2025-03-21,2025-03-23,SUP003
PO0206,IC3003,2025-03-11,250,2025-03-23,2025-03-25,SUP003
PO0207,IC3004,2025-03-11,200,2025-04-08,2025-04-08,SUP004
PO0208,C2002,2025-03-12,400,2025-03-26,2025-03-27,SUP002
PO0209,IC3001,2025-03-12,100,2025-04-02,2025-04-04,SUP003
PO0210,IC3002,2025-03-12,200,2025-03-22,2025-03-24,SUP003
PO0211,IC3003,2025-03-12,250,2025-03-24,2025-03-26,SUP003
PO0212,IC3004,2025-03-12,150,2025-04-09,2025-04-09,SUP004
PO0213,C2002,2025-03-13,600,2025-03-27,2025-03-26,SUP002
PO0214,IC3001,2025-03-13,250,2025-04-03,2025-04-05,SUP003
PO0215,IC3002,2025-03-13,250,2025-03-23,2025-03-23,SUP003
PO0216,IC3003,2025-03-13,100,2025-03-25,2025-03-24,SUP003
PO0217,IC3004,2025-03-13,100,2025-04-10,2025-04-11,SUP004
PO0218,C2002,2025-03-14,600,2025-03-28,2025-03-30,SUP002
PO0219,IC3001,2025-03-14,250,2025-04-04,2025-04-03,SUP003
PO0220,IC3002,2025-03-14,200,2025-03-24,2025-03-25,SUP003
PO0221,IC3003,2025-03-14,200,2025-03-26,2025-03-27,SUP003
PO0222,IC3004,2025-03-14,100,2025-04-11,2025-04-12,SUP004
PO0223,C2002,2025-03-15,600,2025-03-29,2025-03-28,SUP002
PO0224,IC3001,2025-03-15,100,2025-04-05,2025-04-04,SUP003
PO0225,IC3002,2025-03-15,150,2025-03-25,2025-03-25,SUP003
PO0226,IC3003,2025-03-15,100,2025-03-27,2025-03-28,SUP003
PO0227,IC3004,2025-03-15,200,2025-04-12,2025-04-12,SUP004
PO0228,C2002,2025-03-16,800,2025-03-30,2025-03-31,SUP002
PO0229,IC3001,2025-03-16,150,2025-04-06,2025-04-08,SUP003
PO0230,IC3002,2025-03-16,200,2025-03-26,2025-03-27,SUP003
PO0231,IC3003,2025-03-16,150,2025-03-28,2025-03-27,SUP003
PO0232,IC3004,2025-03-16,150,2025-04-13,2025-04-12,SUP004
PO0233,C2002,2025-03-17,1000,2025-03-31,2025-04-01,SUP002
PO0234,IC3001,2025-03-17,150,2025-04-07,2025-04-09,SUP003
PO0235,IC3002,2025-03-17,150,2025-03-27,2025-03-28,SUP003
PO0236,IC3003,2025-03-17,250,2025-03-29,2025-03-30,SUP003
PO0237,IC3004,2025-03-17,200,2025-04-14,2025-04-15,SUP004
PO0238,C2002,2025-03-18,600,2025-04-01,2025-04-01,SUP002
PO0239,IC3001,2025-03-18,200,2025-04-08,2025-04-09,SUP003
PO0240,IC3002,2025-03-18,250,2025-03-28,2025-03-30,SUP003
PO0241,IC3003,2025-03-18,250,2025-03-30,2025-03-31,SUP003
PO0242,IC3004,2025-03-18,250,2025-04-15,2025-04-14,SUP004
PO0243,C2002,2025-03-19,600,2025-04-02,2025-04-01,SUP002
PO0244,IC3001,2025-03-19,100,2025-04-09,2025-04-09,SUP003
PO0245,IC3002,2025-03-19,250,2025-03-29,2025-03-28,SUP003
PO0246,IC3003,2025-03-19,150,2025-03-31,2025-04-01,SUP003
PO0247,IC3004,2025-03-19,150,2025-04-16,2025-04-16,SUP004
PO0248,R1002,2025-03-20,200,2025-03-27,2025-03-28,SUP001
PO0249,C2002,2025-03-20,1000,2025-04-03,2025-04-03,SUP002
PO0250,IC3001,2025-03-20,150,2025-04-10,2025-04-12,SUP003
PO0251,IC3002,2025-03-20,250,2025-03-30,2025-03-31,SUP003
PO0252,IC3003,2025-03-20,100,2025-04-01,2025-04-01,SUP003
PO0253,IC3004,2025-03-20,100,2025-04-17,2025-04-16,SUP004
PO0254,R1002,2025-03-21,200,2025-03-28,2025-03-29,SUP001
PO0255,C2002,2025-03-21,400,2025-04-04,2025-04-06,SUP002
PO0256,IC3001,2025-03-21,250,2025-04-11,2025-04-11,SUP003
PO0257,IC3002,2025-03-21,250,2025-03-31,2025-03-31,SUP003
PO0258,IC3003,2025-03-21,150,2025-04-02,2025-04-01,SUP003
PO0259,IC3004,2025-03-21,150,2025-04-18,2025-04-19,SUP004
PO0260,R1002,2025-03-22,500,2025-03-29,2025-03-28,SUP001
PO0261,C2002,2025-03-22,400,2025-04-05,2025-04-06,SUP002
PO0262,IC3001,2025-03-22,250,2025-04-12,2025-04-11,SUP003
PO0263,IC3002,2025-03-22,200,2025-04-01,2025-04-03,SUP003
PO0264,IC3003,2025-03-22,100,2025-04-03,2025-04-05,SUP003
PO0265,IC3004,2025-03-22,250,2025-04-19,2025-04-19,SUP004
PO0266,R1002,2025-03-23,500,2025-03-30,2025-03-30,SUP001
PO0267,C2002,2025-03-23,1000,2025-04-06,2025-04-05,SUP002
PO0268,IC3001,2025-03-23,250,2025-04-13,2025-04-14,SUP003
PO0269,IC3002,2025-03-23,200,2025-04-02,2025-04-03,SUP003
PO0270,IC3003,2025-03-23,150,2025-04-04,2025-04-05,SUP003
PO0271,IC3004,2025-03-23,150,2025-04-20,2025-04-20,SUP004
PO0272,R1002,2025-03-24,500,2025-03-31,2025-03-31,SUP001
PO0273,C2002,2025-03-24,1000,2025-04-07,2025-04-07,SUP002
PO0274,IC3001,2025-03-24,100,2025-04-14,2025-04-13,SUP003
PO0275,IC3002,2025-03-24,100,2025-04-03,2025-04-02,SUP003
PO0276,IC3003,2025-03-24,150,2025-04-05,2025-04-07,SUP003
PO0277,IC3004,2025-03-24,250,2025-04-21,2025-04-23,SUP004
PO0278,R1002,2025-03-25,300,2025-04-01,2025-04-02,SUP001
PO0279,C2002,2025-03-25,400,2025-04-08,2025-04-08,SUP002
PO0280,IC3001,2025-03-25,100,2025-04-15,2025-04-17,SUP003
PO0281,IC3002,2025-03-25,150,2025-04-04,2025-04-04,SUP003
PO0282,IC3003,2025-03-25,150,2025-04-06,2025-04-08,SUP003
PO0283,IC3004,2025-03-25,250,2025-04-22,2025-04-22,SUP004
PO0284,R1002,2025-03-26,500,2025-04-02,2025-04-03,SUP001
PO0285,C2002,2025-03-26,400,2025-04-09,2025-04-10,SUP002
PO0286,IC3001,2025-03-26,150,2025-04-16,2025-04-18,SUP003
PO0287,IC3002,2025-03-26,250,2025-04-05,2025-04-04,SUP003
PO0288,IC3003,2025-03-26,100,2025-04-07,2025-04-06,SUP003
PO0289,IC3004,2025-03-26,250,2025-04-23,2025-04-23,SUP004
PO0290,R1002,2025-03-27,300,2025-04-03,2025-04-05,SUP001
PO0291,C2002,2025-03-27,1000,2025-04-10,2025-04-10,SUP002
PO0292,IC3001,2025-03-27,250,2025-04-17,2025-04-17,SUP003
PO0293,IC3002,2025-03-27,100,2025-04-06,2025-04-08,SUP003
PO0294,IC3003,2025-03-27,200,2025-04-08,2025-04-07,SUP003
PO0295,IC3004,2025-03-27,200,2025-04-24,2025-04-25,SUP004
PO0296,R1002,2025-03-28,500,2025-04-04,2025-04-04,SUP001
PO0297,C2002,2025-03-28,1000,2025-04-11,2025-04-11,SUP002
PO0298,IC3001,2025-03-28,100,2025-04-18,2025-04-19,SUP003
PO0299,IC3002,2025-03-28,150,2025-04-07,2025-04-09,SUP003
PO0300,IC3003,2025-03-28,250,2025-04-09,2025-04-10,SUP003
PO0301,IC3004,2025-03-28,200,2025-04-25,2025-04-27,SUP004
PO0302,R1002,2025-03-29,300,2025-04-05,2025-04-04,SUP001
PO0303,C2002,2025-03-29,600,2025-04-12,2025-04-12,SUP002
PO0304,IC3001,2025-03-29,250,2025-04-19,2025-04-21,SUP003
PO0305,IC3002,2025-03-29,250,2025-04-08,2025-04-08,SUP003
PO0306,IC3003,2025-03-29,250,2025-04-10,2025-04-10,SUP003
PO0307,IC3004,2025-03-29,250,2025-04-26,2025-04-25,SUP004
PO0308,R1002,2025-03-30,200,2025-04-06,2025-04-06,SUP001
PO0309,C2002,2025-03-30,400,2025-04-13,2025-04-15,SUP002
PO0310,IC3001,2025-03-30,100,2025-04-20,2025-04-19,SUP003
PO0311,IC3002,2025-03-30,200,2025-04-09,2025-04-11,SUP003
PO0312,IC3003,2025-03-30,200,2025-04-11,2025-04-10,SUP003
PO0313,IC3004,2025-03-30,250,2025-04-27,2025-04-28,SUP004
PO0314,R1002,2025-03-31,500,2025-04-07,2025-04-09,SUP001
PO0315,C2002,2025-03-31,800,2025-04-14,2025-04-16,SUP002
PO0316,IC3001,2025-03-31,200,2025-04-21,2025-04-23,SUP003
PO0317,IC3002,2025-03-31,200,2025-04-10,2025-04-12,SUP003
PO0318,R1003,2025-03-31,300,2025-04-07,2025-04-06,SUP001
PO0319,IC3003,2025-03-31,250,2025-04-12,2025-04-12,SUP003
PO0320,IC3004,2025-03-31,150,2025-04-28,2025-04-30,SUP004
PO0321,R1002,2025-04-01,500,2025-04-08,2025-04-09,SUP001
PO0322,C2002,2025-04-01,1000,2025-04-15,2025-04-15,SUP002
PO0323,IC3001,2025-04-01,100,2025-04-22,2025-04-22,SUP003
PO0324,IC3002,2025-04-01,150,2025-04-11,2025-04-11,SUP003
PO0325,R1003,2025-04-01,300,2025-04-08,2025-04-07,SUP001
PO0326,IC3003,2025-04-01,150,2025-04-13,2025-04-15,SUP003
PO0327,IC3004,2025-04-01,200,2025-04-29,2025-04-28,SUP004
PO0328,R1002,2025-04-02,200,2025-04-09,2025-04-09,SUP001
PO0329,C2002,2025-04-02,600,2025-04-16,2025-04-18,SUP002
PO0330,IC3001,2025-04-02,200,2025-04-23,2025-04-22,SUP003
PO0331,IC3002,2025-04-02,200,2025-04-12,2025-04-13,SUP003
PO0332,R1003,2025-04-02,500,2025-04-09,2025-04-10,SUP001
PO0333,IC3003,2025-04-02,200,2025-04-14,2025-04-15,SUP003
PO0334,IC3004,2025-04-02,150,2025-04-30,2025-05-01,SUP004
PO0335,R1002,2025-04-03,500,2025-04-10,2025-04-09,SUP001
PO0336,C2002,2025-04-03,400,2025-04-17,2025-04-18,SUP002
PO0337,IC3001,2025-04-03,150,2025-04-24,2025-04-24,SUP003
PO0338,IC3002,2025-04-03,150,2025-04-13,2025-04-14,SUP003
PO0339,R1003,2025-04-03,300,2025-04-10,2025-04-10,SUP001
PO0340,IC3003,2025-04-03,150,2025-04-15,2025-04-14,SUP003
PO0341,IC3004,2025-04-03,250,2025-05-01,2025-05-01,SUP004
PO0342,R1002,2025-04-04,500,2025-04-11,2025-04-13,SUP001
PO0343,C2002,2025-04-04,400,2025-04-18,2025-04-19,SUP002
PO0344,IC3001,2025-04-04,100,2025-04-25,2025-04-26,SUP003
PO0345,IC3002,2025-04-04,150,2025-04-14,2025-04-13,SUP003
PO0346,R1003,2025-04-04,400,2025-04-11,2025-04-13,SUP001
PO0347,IC3003,2025-04-04,150,2025-04-16,2025-04-18,SUP003
PO0348,IC3004,2025-04-04,200,2025-05-02,2025-05-01,SUP004
PO0349,R1002,2025-04-05,200,2025-04-12,2025-04-12,SUP001
PO0350,C2002,2025-04-05,800,2025-04-19,2025-04-19,SUP002
PO0351,IC3001,2025-04-05,150,2025-04-26,2025-04-27,SUP003
PO0352,IC3002,2025-04-05,200,2025-04-15,2025-04-16,SUP003
PO0353,R1003,2025-04-05,300,2025-04-12,2025-04-13,SUP001
PO0354,IC3003,2025-04-05,250,2025-04-17,2025-04-18,SUP003
PO0355,IC3004,2025-04-05,250,2025-05-03,2025-05-05,SUP004
PO0356,R1002,2025-04-06,300,2025-04-13,2025-04-12,SUP001
PO0357,C2002,2025-04-06,800,2025-04-20,2025-04-19,SUP002
PO0358,IC3001,2025-04-06,250,2025-04-27,2025-04-29,SUP003
PO0359,IC3002,2025-04-06,150,2025-04-16,2025-04-15,SUP003
PO0360,R1003,2025-04-06,300,2025-04-13,2025-04-14,SUP001
PO0361,IC3003,2025-04-06,150,2025-04-18,2025-04-20,SUP003
PO0362,IC3004,2025-04-06,200,2025-05-04,2025-05-03,SUP004
PO0363,R1002,2025-04-07,200,2025-04-14,2025-04-13,SUP001
PO0364,C2002,2025-04-07,800,2025-04-21,2025-04-20,SUP002
PO0365,IC3001,2025-04-07,150,2025-04-28,2025-04-27,SUP003
PO0366,IC3002,2025-04-07,100,2025-04-17,2025-04-18,SUP003
PO0367,R1003,2025-04-07,500,2025-04-14,2025-04-15,SUP001
PO0368,IC3003,2025-04-07,250,2025-04-19,2025-04-21,SUP003
PO0369,IC3004,2025-04-07,100,2025-05-05,2025-05-05,SUP004
PO0370,R1002,2025-04-08,200,2025-04-15,2025-04-16,SUP001
PO0371,C2002,2025-04-08,400,2025-04-22,2025-04-22,SUP002
PO0372,IC3001,2025-04-08,150,2025-04-29,2025-04-28,SUP003
PO0373,IC3002,2025-04-08,200,2025-04-18,2025-04-17,SUP003
PO0374,R1003,2025-04-08,200,2025-04-15,2025-04-16,SUP001
PO0375,C2003,2025-04-08,600,2025-04-18,2025-04-20,SUP002
PO0376,IC3003,2025-04-08,250,2025-04-20,2025-04-21,SUP003
PO0377,IC3004,2025-04-08,100,2025-05-06,2025-05-07,SUP004
PO0378,R1002,2025-04-09,400,2025-04-16,2025-04-18,SUP001
PO0379,C2002,2025-04-09,800,2025-04-23,2025-04-24,SUP002
PO0380,IC3001,2025-04-09,100,2025-04-30,2025-05-02,SUP003
PO0381,IC3002,2025-04-09,150,2025-04-19,2025-04-21,SUP003
PO0382,R1003,2025-04-09,500,2025-04-16,2025-04-18,SUP001
PO0383,C2003,2025-04-09,800,2025-04-19,2025-04-19,SUP002
PO0384,IC3003,2025-04-09,100,2025-04-21,2025-04-20,SUP003
PO0385,IC3004,2025-04-09,150,2025-05-07,2025-05-08,SUP004
PO0386,R1002,2025-04-10,300,2025-04-17,2025-04-16,SUP001
PO0387,C2002,2025-04-10,1000,2025-04-24,2025-04-26,SUP002
PO0388,IC3001,2025-04-10,250,2025-05-01,2025-04-30,SUP003
PO0389,IC3002,2025-04-10,150,2025-04-20,2025-04-21,SUP003
PO0390,R1003,2025-04-10,200,2025-04-17,2025-04-17,SUP001
PO0391,C2003,2025-04-10,800,2025-04-20,2025-04-21,SUP002
PO0392,IC3003,2025-04-10,150,2025-04-22,2025-04-23,SUP003
PO0393,IC3004,2025-04-10,200,2025-05-08,2025-05-09,SUP004
PO0394,R1002,2025-04-11,500,2025-04-18,2025-04-18,SUP001
PO0395,C2002,2025-04-11,600,2025-04-25,2025-04-27,SUP002
PO0396,IC3001,2025-04-11,100,2025-05-02,2025-05-03,SUP003
PO0397,IC3002,2025-04-11,250,2025-04-21,2025-04-21,SUP003
PO0398,R1003,2025-04-11,500,2025-04-18,2025-04-18,SUP001
PO0399,C2003,2025-04-11,800,2025-04-21,2025-04-23,SUP002
PO0400,IC3003,2025-04-11,250,2025-04-23,2025-04-22,SUP003
PO0401,IC3004,2025-04-11,150,2025-05-09,2025-05-08,SUP004
PO0402,R1002,2025-04-12,200,2025-04-19,2025-04-19,SUP001
PO0403,C2002,2025-04-12,400,2025-04-26,2025-04-27,SUP002
PO0404,IC3001,2025-04-12,100,2025-05-03,2025-05-02,SUP003
PO0405,IC3002,2025-04-12,250,2025-04-22,2025-04-24,SUP003
PO0406,R1003,2025-04-12,300,2025-04-19,2025-04-18,SUP001
PO0407,C2003,2025-04-12,1000,2025-04-22,2025-04-21,SUP002
PO0408,IC3003,2025-04-12,250,2025-04-24,2025-04-26,SUP003
PO0409,IC3004,2025-04-12,100,2025-05-10,2025-05-12,SUP004
PO0410,R1002,2025-04-13,300,2025-04-20,2025-04-19,SUP001
PO0411,C2002,2025-04-13,1000,2025-04-27,2025-04-26,SUP002
PO0412,IC3001,2025-04-13,150,2025-05-04,2025-05-04,SUP003
PO0413,IC3002,2025-04-13,150,2025-04-23,2025-04-22,SUP003
PO0414,R1003,2025-04-13,500,2025-04-20,2025-04-21,SUP001
PO0415,C2003,2025-04-13,1000,2025-04-23,2025-04-24,SUP002
PO0416,IC3003,2025-04-13,100,2025-04-25,2025-04-24,SUP003
PO0417,IC3004,2025-04-13,150,2025-05-11,2025-05-12,SUP004
PO0418,R1001,2025-04-14,400,2025-04-21,2025-04-21,SUP001
PO0419,R1002,2025-04-14,300,2025-04-21,2025-04-21,SUP001
PO0420,C2002,2025-04-14,400,2025-04-28,2025-04-27,SUP002
PO0421,IC3001,2025-04-14,250,2025-05-05,2025-05-05,SUP003
PO0422,IC3002,2025-04-14,250,2025-04-24,2025-04-25,SUP003
PO0423,R1003,2025-04-14,500,2025-04-21,2025-04-23,SUP001
PO0424,C2003,2025-04-14,400,2025-04-24,2025-04-25,SUP002
PO0425,IC3003,2025-04-14,200,2025-04-26,2025-04-28,SUP003
PO0426,IC3004,2025-04-14,250,2025-05-12,2025-05-13,SUP004
PO0427,R1001,2025-04-15,500,2025-04-22,2025-04-22,SUP001
PO0428,R1002,2025-04-15,300,2025-04-22,2025-04-24,SUP001
PO0429,C2002,2025-04-15,1000,2025-04-29,2025-05-01,SUP002
PO0430,IC3001,2025-04-15,200,2025-05-06,2025-05-07,SUP003
PO0431,IC3002,2025-04-15,100,2025-04-25,2025-04-24,SUP003
PO0432,R1003,2025-04-15,500,2025-04-22,2025-04-21,SUP001
PO0433,C2003,2025-04-15,1000,2025-04-25,2025-04-26,SUP002
PO0434,IC3003,2025-04-15,100,2025-04-27,2025-04-28,SUP003
PO0435,IC3004,2025-04-15,250,2025-05-13,2025-05-12,SUP004
PO0436,R1001,2025-04-16,500,2025-04-23,2025-04-24,SUP001
PO0437,R1002,2025-04-16,300,2025-04-23,2025-04-23,SUP001
PO0438,C2002,2025-04-16,400,2025-04-30,2025-04-30,SUP002
PO0439,IC3001,2025-04-16,200,2025-05-07,2025-05-09,SUP003
PO0440,IC3002,2025-04-16,250,2025-04-26,2025-04-25,SUP003
PO0441,R1003,2025-04-16,300,2025-04-23,2025-04-22,SUP001
PO0442,C2003,2025-04-16,600,2025-04-26,2025-04-28,SUP002
PO0443,IC3003,2025-04-16,100,2025-04-28,2025-04-30,SUP003
PO0444,IC3004,2025-04-16,250,2025-05-14,2025-05-14,SUP004
PO0445,R1001,2025-04-17,500,2025-04-24,2025-04-25,SUP001
PO0446,R1002,2025-04-17,400,2025-04-24,2025-04-26,SUP001
PO0447,C2002,2025-04-17,800,2025-05-01,2025-05-02,SUP002
PO0448,IC3001,2025-04-17,150,2025-05-08,2025-05-07,SUP003
PO0449,IC3002,2025-04-17,200,2025-04-27,2025-04-29,SUP003
PO0450,R1003,2025-04-17,200,2025-04-24,2025-04-24,SUP001
PO0451,C2003,2025-04-17,600,2025-04-27,2025-04-29,SUP002
PO0452,IC3003,2025-04-17,150,2025-04-29,2025-04-30,SUP003
PO0453,IC3004,2025-04-17,200,2025-05-15,2025-05-15,SUP004
PO0454,R1001,2025-04-18,500,2025-04-25,2025-04-25,SUP001
PO0455,R1002,2025-04-18,300,2025-04-25,2025-04-27,SUP001
PO0456,C2002,2025-04-18,800,2025-05-02,2025-05-01,SUP002
PO0457,IC3001,2025-04-18,150,2025-05-09,2025-05-11,SUP003
PO0458,IC3002,2025-04-18,200,2025-04-28,2025-04-27,SUP003
PO0459,R1003,2025-04-18,500,2025-04-25,2025-04-24,SUP001
PO0460,C2003,2025-04-18,1000,2025-04-28,2025-04-29,SUP002
PO0461,IC3003,2025-04-18,200,2025-04-30,2025-05-01,SUP003
PO0462,IC3004,2025-04-18,200,2025-05-16,2025-05-16,SUP004
PO0463,R1001,2025-04-19,500,2025-04-26,2025-04-26,SUP001
PO0464,R1002,2025-04-19,300,2025-04-26,2025-04-26,SUP001
PO0465,C2002,2025-04-19,800,2025-05-03,2025-05-03,SUP002
PO0466,IC3001,2025-04-19,150,2025-05-10,2025-05-11,SUP003
PO0467,IC3002,2025-04-19,150,2025-04-29,2025-04-30,SUP003
PO0468,R1003,2025-04-19,300,2025-04-26,2025-04-27,SUP001
PO0469,C2003,2025-04-19,600,2025-04-29,2025-04-30,SUP002
PO0470,IC3003,2025-04-19,100,2025-05-01,2025-05-01,SUP003
PO0471,IC3004,2025-04-19,200,2025-05-17,2025-05-17,SUP004
PO0472,R1001,2025-04-20,300,2025-04-27,2025-04-26,SUP001
PO0473,R1002,2025-04-20,400,2025-04-27,2025-04-27,SUP001
PO0474,C2002,2025-04-20,1000,2025-05-04,2025-05-05,SUP002
PO0475,IC3001,2025-04-20,200,2025-05-11,2025-05-12,SUP003
PO0476,IC3002,2025-04-20,250,2025-04-30,2025-05-01,SUP003
PO0477,R1003,2025-04-20,400,2025-04-27,2025-04-27,SUP001
PO0478,C2003,2025-04-20,600,2025-04-30,2025-04-30,SUP002
PO0479,IC3003,2025-04-20,250,2025-05-02,2025-05-01,SUP003
PO0480,IC3004,2025-04-20,250,2025-05-18,2025-05-17,SUP004
PO0481,R1001,2025-04-21,200,2025-04-28,2025-04-28,SUP001
PO0482,R1002,2025-04-21,300,2025-04-28,2025-04-29,SUP001
PO0483,C2002,2025-04-21,400,2025-05-05,2025-05-07,SUP002
PO0484,IC3001,2025-04-21,250,2025-05-12,2025-05-13,SUP003
PO0485,IC3002,2025-04-21,200,2025-05-01,2025-05-02,SUP003
PO0486,R1003,2025-04-21,200,2025-04-28,2025-04-27,SUP001
PO0487,C2003,2025-04-21,600,2025-05-01,2025-04-30,SUP002
PO0488,IC3003,2025-04-21,100,2025-05-03,2025-05-05,SUP003
PO0489,IC3004,2025-04-21,250,2025-05-19,2025-05-20,SUP004
PO0490,R1001,2025-04-22,400,2025-04-29,2025-04-29,SUP001
PO0491,R1002,2025-04-22,500,2025-04-29,2025-04-28,SUP001
PO0492,C2002,2025-04-22,800,2025-05-06,2025-05-05,SUP002
PO0493,IC3001,2025-04-22,250,2025-05-13,2025-05-15,SUP003
PO0494,IC3002,2025-04-22,150,2025-05-02,2025-05-03,SUP003
PO0495,R1003,2025-04-22,300,2025-04-29,2025-04-29,SUP001
PO0496,C2003,2025-04-22,600,2025-05-02,2025-05-03,SUP002
PO0497,IC3003,2025-04-22,200,2025-05-04,2025-05-05,SUP003
PO0498,IC3004,2025-04-22,150,2025-05-20,2025-05-22,SUP004
PO0499,R1001,2025-04-23,500,2025-04-30,2025-05-01,SUP001
PO0500,R1002,2025-04-23,500,2025-04-30,2025-05-02,SUP001
PO0501,C2002,2025-04-23,1000,2025-05-07,2025-05-08,SUP002
PO0502,IC3001,2025-04-23,100,2025-05-14,2025-05-15,SUP003
PO0503,IC3002,2025-04-23,200,2025-05-03,2025-05-04,SUP003
PO0504,R1003,2025-04-23,500,2025-04-30,2025-05-01,SUP001
PO0505,C2003,2025-04-23,600,2025-05-03,2025-05-05,SUP002
PO0506,IC3003,2025-04-23,150,2025-05-05,2025-05-07,SUP003
PO0507,IC3004,2025-04-23,200,2025-05-21,2025-05-21,SUP004
PO0508,R1001,2025-04-24,300,2025-05-01,2025-05-03,SUP001
PO0509,R1002,2025-04-24,300,2025-05-01,2025-05-02,SUP001
PO0510,C2002,2025-04-24,600,2025-05-08,2025-05-08,SUP002
PO0511,IC3001,2025-04-24,200,2025-05-15,2025-05-15,SUP003
PO0512,IC3002,2025-04-24,150,2025-05-04,2025-05-04,SUP003
PO0513,R1003,2025-04-24,200,2025-05-01,2025-05-03,SUP001
PO0514,C2003,2025-04-24,800,2025-05-04,2025-05-06,SUP002
PO0515,IC3003,2025-04-24,250,2025-05-06,2025-05-07,SUP003
PO0516,IC3004,2025-04-24,200,2025-05-22,2025-05-24,SUP004
PO0517,R1001,2025-04-25,300,2025-05-02,2025-05-01,SUP001
PO0518,R1002,2025-04-25,200,2025-05-02,2025-05-04,SUP001
PO0519,C2002,2025-04-25,600,2025-05-09,2025-05-08,SUP002
PO0520,IC3001,2025-04-25,100,2025-05-16,2025-05-15,SUP003
PO0521,IC3002,2025-04-25,200,2025-05-05,2025-05-06,SUP003
PO0522,R1003,2025-04-25,500,2025-05-02,2025-05-04,SUP001
PO0523,C2003,2025-04-25,600,2025-05-05,2025-05-05,SUP002
PO0524,IC3003,2025-04-25,250,2025-05-07,2025-05-08,SUP003
PO0525,IC3004,2025-04-25,100,2025-05-23,2025-05-25,SUP004
PO0526,R1001,2025-04-26,200,2025-05-03,2025-05-02,SUP001
PO0527,R1002,2025-04-26,300,2025-05-03,2025-05-03,SUP001
PO0528,C2002,2025-04-26,600,2025-05-10,2025-05-12,SUP002
PO0529,IC3001,2025-04-26,150,2025-05-17,2025-05-18,SUP003
PO0530,IC3002,2025-04-26,150,2025-05-06,2025-05-05,SUP003
PO0531,R1003,2025-04-26,500,2025-05-03,2025-05-02,SUP001
PO0532,C2003,2025-04-26,400,2025-05-06,2025-05-05,SUP002
PO0533,IC3003,2025-04-26,200,2025-05-08,2025-05-07,SUP003
PO0534,IC3004,2025-04-26,100,2025-05-24,2025-05-25,SUP004
PO0535,R1001,2025-04-27,300,2025-05-04,2025-05-06,SUP001
PO0536,R1002,2025-04-27,500,2025-05-04,2025-05-06,SUP001
PO0537,C2002,2025-04-27,600,2025-05-11,2025-05-12,SUP002
PO0538,IC3001,2025-04-27,200,2025-05-18,2025-05-18,SUP003
PO0539,IC3002,2025-04-27,250,2025-05-07,2025-05-09,SUP003
PO0540,R1003,2025-04-27,300,2025-05-04,2025-05-03,SUP001
PO0541,C2003,2025-04-27,600,2025-05-07,2025-05-08,SUP002
PO0542,IC3003,2025-04-27,150,2025-05-09,2025-05-08,SUP003
PO0543,IC3004,2025-04-27,200,2025-05-25,2025-05-25,SUP004
PO0544,R1001,2025-04-28,200,2025-05-05,2025-05-07,SUP001
PO0545,R1002,2025-04-28,200,2025-05-05,2025-05-04,SUP001
PO0546,C2002,2025-04-28,1000,2025-05-12,2025-05-12,SUP002
PO0547,IC3001,2025-04-28,200,2025-05-19,2025-05-20,SUP003
PO0548,IC3002,2025-04-28,150,2025-05-08,2025-05-10,SUP003
PO0549,R1003,2025-04-28,300,2025-05-05,2025-05-06,SUP001
PO0550,C2003,2025-04-28,600,2025-05-08,2025-05-08,SUP002
PO0551,IC3003,2025-04-28,100,2025-05-10,2025-05-11,SUP003
PO0552,IC3004,2025-04-28,150,2025-05-26,2025-05-26,SUP004
PO0553,R1001,2025-04-29,400,2025-05-06,2025-05-05,SUP001
PO0554,R1002,2025-04-29,500,2025-05-06,2025-05-07,SUP001
PO0555,C2002,2025-04-29,1000,2025-05-13,2025-05-13,SUP002
PO0556,IC3001,2025-04-29,250,2025-05-20,2025-05-21,SUP003
PO0557,IC3002,2025-04-29,100,2025-05-09,2025-05-10,SUP003
PO0558,R1003,2025-04-29,200,2025-05-06,2025-05-08,SUP001
PO0559,C2003,2025-04-29,600,2025-05-09,2025-05-09,SUP002
PO0560,IC3003,2025-04-29,150,2025-05-11,2025-05-13,SUP003
PO0561,IC3004,2025-04-29,150,2025-05-27,2025-05-27,SUP004
PO0562,R1001,2025-04-30,400,2025-05-07,2025-05-08,SUP001
PO0563,R1002,2025-04-30,500,2025-05-07,2025-05-07,SUP001
PO0564,C2002,2025-04-30,800,2025-05-14,2025-05-13,SUP002
PO0565,IC3001,2025-04-30,200,2025-05-21,2025-05-20,SUP003
PO0566,IC3002,2025-04-30,200,2025-05-10,2025-05-09,SUP003
PO0567,R1003,2025-04-30,200,2025-05-07,2025-05-09,SUP001
PO0568,C2003,2025-04-30,400,2025-05-10,2025-05-12,SUP002
PO0569,IC3003,2025-04-30,150,2025-05-12,2025-05-12,SUP003
PO0570,IC3004,2025-04-30,100,2025-05-28,2025-05-29,SUP004
PO0571,R1001,2025-05-01,200,2025-05-08,2025-05-07,SUP001
PO0572,R1002,2025-05-01,300,2025-05-08,2025-05-09,SUP001
PO0573,C2002,2025-05-01,600,2025-05-15,2025-05-16,SUP002
PO0574,IC3001,2025-05-01,100,2025-05-22,2025-05-22,SUP003
PO0575,IC3002,2025-05-01,150,2025-05-11,2025-05-13,SUP003
PO0576,R1003,2025-05-01,200,2025-05-08,2025-05-08,SUP001
PO0577,C2003,2025-05-01,400,2025-05-11,2025-05-12,SUP002
PO0578,IC3003,2025-05-01,150,2025-05-13,2025-05-14,SUP003
PO0579,IC3004,2025-05-01,200,2025-05-29,2025-05-28,SUP004
PO0580,R1001,2025-05-02,500,2025-05-09,2025-05-09,SUP001
PO0581,R1002,2025-05-02,400,2025-05-09,2025-05-08,SUP001
PO0582,C2002,2025-05-02,600,2025-05-16,2025-05-18,SUP002
PO0583,IC3001,2025-05-02,200,2025-05-23,2025-05-25,SUP003
PO0584,IC3002,2025-05-02,150,2025-05-12,2025-05-14,SUP003
PO0585,R1003,2025-05-02,400,2025-05-09,2025-05-11,SUP001
PO0586,C2003,2025-05-02,400,2025-05-12,2025-05-13,SUP002
PO0587,IC3003,2025-05-02,150,2025-05-14,2025-05-15,SUP003
PO0588,IC3004,2025-05-02,150,2025-05-30,2025-05-30,SUP004
PO0589,R1001,2025-05-03,200,2025-05-10,2025-05-11,SUP001
PO0590,R1002,2025-05-03,300,2025-05-10,2025-05-09,SUP001
PO0591,C2002,2025-05-03,1000,2025-05-17,2025-05-16,SUP002
PO0592,IC3001,2025-05-03,150,2025-05-24,2025-05-26,SUP003
PO0593,IC3002,2025-05-03,250,2025-05-13,2025-05-15,SUP003
PO0594,R1003,2025-05-03,400,2025-05-10,2025-05-09,SUP001
PO0595,C2003,2025-05-03,400,2025-05-13,2025-05-15,SUP002
PO0596,IC3003,2025-05-03,200,2025-05-15,2025-05-14,SUP003
PO0597,IC3004,2025-05-03,150,2025-05-31,2025-06-01,SUP004
PO0598,R1001,2025-05-04,200,2025-05-11,2025-05-13,SUP001
PO0599,R1002,2025-05-04,400,2025-05-11,2025-05-12,SUP001
PO0600,C2002,2025-05-04,800,2025-05-18,2025-05-17,SUP002
PO0601,IC3001,2025-05-04,250,2025-05-25,2025-05-25,SUP003
PO0602,IC3002,2025-05-04,200,2025-05-14,2025-05-15,SUP003
PO0603,R1003,2025-05-04,500,2025-05-11,2025-05-10,SUP001
PO0604,C2003,2025-05-04,800,2025-05-14,2025-05-15,SUP002
PO0605,IC3003,2025-05-04,200,2025-05-16,2025-05-16,SUP003
PO0606,IC3004,2025-05-04,100,2025-06-01,2025-05-31,SUP004
PO0607,R1001,2025-05-05,500,2025-05-12,2025-05-14,SUP001
PO0608,R1002,2025-05-05,200,2025-05-12,2025-05-14,SUP001
PO0609,C2001,2025-05-05,400,2025-05-15,2025-05-14,SUP002
PO0610,C2002,2025-05-05,600,2025-05-19,2025-05-18,SUP002
PO0611,IC3001,2025-05-05,100,2025-05-26,2025-05-26,SUP003
PO0612,IC3002,2025-05-05,250,2025-05-15,2025-05-15,SUP003
PO0613,R1003,2025-05-05,500,2025-05-12,2025-05-14,SUP001
PO0614,C2003,2025-05-05,800,2025-05-15,2025-05-16,SUP002
PO0615,IC3003,2025-05-05,200,2025-05-17,2025-05-16,SUP003
PO0616,IC3004,2025-05-05,100,2025-06-02,2025-06-03,SUP004
PO0617,R1001,2025-05-06,200,2025-05-13,2025-05-15,SUP001
PO0618,R1002,2025-05-06,200,2025-05-13,2025-05-15,SUP001
PO0619,C2001,2025-05-06,600,2025-05-16,2025-05-18,SUP002
PO0620,C2002,2025-05-06,600,2025-05-20,2025-05-19,SUP002
PO0621,IC3001,2025-05-06,250,2025-05-27,2025-05-27,SUP003
PO0622,IC3002,2025-05-06,100,2025-05-16,2025-05-17,SUP003
PO0623,R1003,2025-05-06,500,2025-05-13,2025-05-12,SUP001
PO0624,C2003,2025-05-06,400,2025-05-16,2025-05-15,SUP002
PO0625,IC3003,2025-05-06,150,2025-05-18,2025-05-19,SUP003
PO0626,IC3004,2025-05-06,200,2025-06-03,2025-06-05,SUP004
PO0627,R1001,2025-05-07,500,2025-05-14,2025-05-13,SUP001
PO0628,R1002,2025-05-07,500,2025-05-14,2025-05-16,SUP001
PO0629,C2001,2025-05-07,1000,2025-05-17,2025-05-16,SUP002
PO0630,C2002,2025-05-07,800,2025-05-21,2025-05-23,SUP002
PO0631,IC3001,2025-05-07,200,2025-05-28,2025-05-29,SUP003
PO0632,IC3002,2025-05-07,150,2025-05-17,2025-05-16,SUP003
PO0633,R1003,2025-05-07,400,2025-05-14,2025-05-16,SUP001
PO0634,C2003,2025-05-07,800,2025-05-17,2025-05-19,SUP002
PO0635,IC3003,2025-05-07,100,2025-05-19,2025-05-18,SUP003
PO0636,IC3004,2025-05-07,150,2025-06-04,2025-06-04,SUP004
PO0637,R1001,2025-05-08,500,2025-05-15,2025-05-16,SUP001
PO0638,R1002,2025-05-08,200,2025-05-15,2025-05-15,SUP001
PO0639,C2001,2025-05-08,1000,2025-05-18,2025-05-18,SUP002
PO0640,C2002,2025-05-08,400,2025-05-22,2025-05-24,SUP002
PO0641,IC3001,2025-05-08,200,2025-05-29,2025-05-31,SUP003
PO0642,IC3002,2025-05-08,250,2025-05-18,2025-05-17,SUP003
PO0643,R1003,2025-05-08,300,2025-05-15,2025-05-14,SUP001
PO0644,C2003,2025-05-08,800,2025-05-18,2025-05-19,SUP002
PO0645,IC3003,2025-05-08,100,2025-05-20,2025-05-21,SUP003
PO0646,IC3004,2025-05-08,100,2025-06-05,2025-06-07,SUP004
PO0647,R1001,2025-05-09,200,2025-05-16,2025-05-16,SUP001
PO0648,R1002,2025-05-09,400,2025-05-16,2025-05-16,SUP001
PO0649,C2001,2025-05-09,600,2025-05-19,2025-05-19,SUP002
PO0650,C2002,2025-05-09,1000,2025-05-23,2025-05-22,SUP002
PO0651,IC3001,2025-05-09,200,2025-05-30,2025-05-30,SUP003
PO0652,IC3002,2025-05-09,150,2025-05-19,2025-05-20,SUP003
PO0653,R1003,2025-05-09,300,2025-05-16,2025-05-15,SUP001
PO0654,C2003,2025-05-09,400,2025-05-19,2025-05-21,SUP002
PO0655,IC3003,2025-05-09,200,2025-05-21,2025-05-23,SUP003
PO0656,IC3004,2025-05-09,200,2025-06-06,2025-06-06,SUP004
PO0657,R1001,2025-05-10,200,2025-05-17,2025-05-19,SUP001
PO0658,R1002,2025-05-10,200,2025-05-17,2025-05-16,SUP001
PO0659,C2001,2025-05-10,600,2025-05-20,2025-05-22,SUP002
PO0660,C2002,2025-05-10,1000,2025-05-24,2025-05-26,SUP002
PO0661,IC3001,2025-05-10,150,2025-05-31,2025-06-02,SUP003
PO0662,IC3002,2025-05-10,100,2025-05-20,2025-05-19,SUP003
PO0663,R1003,2025-05-10,500,2025-05-17,2025-05-16,SUP001
PO0664,C2003,2025-05-10,600,2025-05-20,2025-05-20,SUP002
PO0665,IC3003,2025-05-10,200,2025-05-22,2025-05-21,SUP003
PO0666,IC3004,2025-05-10,150,2025-06-07,2025-06-09,SUP004
PO0667,R1001,2025-05-11,200,2025-05-18,2025-05-20,SUP001
PO0668,R1002,2025-05-11,400,2025-05-18,2025-05-18,SUP001
PO0669,C2001,2025-05-11,600,2025-05-21,2025-05-22,SUP002
PO0670,C2002,2025-05-11,800,2025-05-25,2025-05-26,SUP002
PO0671,IC3001,2025-05-11,250,2025-06-01,2025-06-03,SUP003
PO0672,IC3002,2025-05-11,150,2025-05-21,2025-05-23,SUP003
PO0673,R1003,2025-05-11,200,2025-05-18,2025-05-18,SUP001
PO0674,C2003,2025-05-11,1000,2025-05-21,2025-05-23,SUP002
PO0675,IC3003,2025-05-11,100,2025-05-23,2025-05-23,SUP003
PO0676,IC3004,2025-05-11,100,2025-06-08,2025-06-08,SUP004
PO0677,R1001,2025-05-12,500,2025-05-19,2025-05-21,SUP001
PO0678,R1002,2025-05-12,200,2025-05-19,2025-05-20,SUP001
PO0679,C2001,2025-05-12,1000,2025-05-22,2025-05-24,SUP002
PO0680,C2002,2025-05-12,600,2025-05-26,2025-05-28,SUP002
PO0681,IC3001,2025-05-12,200,2025-06-02,2025-06-03,SUP003
PO0682,IC3002,2025-05-12,250,2025-05-22,2025-05-21,SUP003
PO0683,R1003,2025-05-12,500,2025-05-19,2025-05-19,SUP001
PO0684,C2003,2025-05-12,1000,2025-05-22,2025-05-23,SUP002
PO0685,IC3003,2025-05-12,100,2025-05-24,2025-05-25,SUP003
PO0686,IC3004,2025-05-12,200,2025-06-09,2025-06-11,SUP004
PO0687,R1001,2025-05-13,200,2025-05-20,2025-05-19,SUP001
PO0688,R1002,2025-05-13,300,2025-05-20,2025-05-20,SUP001
PO0689,C2001,2025-05-13,400,2025-05-23,2025-05-22,SUP002
PO0690,C2002,2025-05-13,800,2025-05-27,2025-05-26,SUP002
PO0691,IC3001,2025-05-13,250,2025-06-03,2025-06-03,SUP003
PO0692,IC3002,2025-05-13,250,2025-05-23,2025-05-24,SUP003
PO0693,R1003,2025-05-13,400,2025-05-20,2025-05-22,SUP001
PO0694,C2003,2025-05-13,400,2025-05-23,2025-05-22,SUP002
PO0695,IC3003,2025-05-13,100,2025-05-25,2025-05-26,SUP003
PO0696,IC3004,2025-05-13,150,2025-06-10,2025-06-12,SUP004
PO0697,R1001,2025-05-14,400,2025-05-21,2025-05-20,SUP001
PO0698,R1002,2025-05-14,500,2025-05-21,2025-05-21,SUP001
PO0699,C2001,2025-05-14,800,2025-05-24,2025-05-23,SUP002
PO0700,C2002,2025-05-14,600,2025-05-28,2025-05-29,SUP002
PO0701,IC3001,2025-05-14,100,2025-06-04,2025-06-04,SUP003
PO0702,IC3002,2025-05-14,100,2025-05-24,2025-05-23,SUP003
PO0703,R1003,2025-05-14,300,2025-05-21,2025-05-22,SUP001
PO0704,C2003,2025-05-14,1000,2025-05-24,2025-05-25,SUP002
PO0705,IC3003,2025-05-14,200,2025-05-26,2025-05-27,SUP003
PO0706,IC3004,2025-05-14,250,2025-06-11,2025-06-13,SUP004
PO0707,R1001,2025-05-15,400,2025-05-22,2025-05-22,SUP001
PO0708,R1002,2025-05-15,200,2025-05-22,2025-05-24,SUP001
PO0709,C2001,2025-05-15,800,2025-05-25,2025-05-27,SUP002
PO0710,C2002,2025-05-15,400,2025-05-29,2025-05-31,SUP002
PO0711,IC3001,2025-05-15,250,2025-06-05,2025-06-07,SUP003
PO0712,IC3002,2025-05-15,100,2025-05-25,2025-05-25,SUP003
PO0713,R1003,2025-05-15,400,2025-05-22,2025-05-23,SUP001
PO0714,C2003,2025-05-15,1000,2025-05-25,2025-05-25,SUP002
PO0715,IC3003,2025-05-15,200,2025-05-27,2025-05-28,SUP003
PO0716,IC3004,2025-05-15,150,2025-06-12,2025-06-12,SUP004
PO0717,R1001,2025-05-16,300,2025-05-23,2025-05-25,SUP001
PO0718,R1002,2025-05-16,300,2025-05-23,2025-05-24,SUP001
PO0719,C2001,2025-05-16,800,2025-05-26,2025-05-28,SUP002
PO0720,C2002,2025-05-16,800,2025-05-30,2025-05-29,SUP002
PO0721,IC3001,2025-05-16,100,2025-06-06,2025-06-08,SUP003
PO0722,IC3002,2025-05-16,100,2025-05-26,2025-05-25,SUP003
PO0723,R1003,2025-05-16,500,2025-05-23,2025-05-22,SUP001
PO0724,C2003,2025-05-16,400,2025-05-26,2025-05-27,SUP002
PO0725,IC3003,2025-05-16,100,2025-05-28,2025-05-29,SUP003
PO0726,IC3004,2025-05-16,100,2025-06-13,2025-06-15,SUP004
PO0727,R1001,2025-05-17,500,2025-05-24,2025-05-23,SUP001
PO0728,R1002,2025-05-17,200,2025-05-24,2025-05-26,SUP001
PO0729,C2001,2025-05-17,400,2025-05-27,2025-05-26,SUP002
PO0730,C2002,2025-05-17,600,2025-05-31,2025-05-30,SUP002
PO0731,IC3001,2025-05-17,200,2025-06-07,2025-06-09,SUP003
PO0732,IC3002,2025-05-17,100,2025-05-27,2025-05-29,SUP003
PO0733,R1003,2025-05-17,500,2025-05-24,2025-05-26,SUP001
PO0734,C2003,2025-05-17,400,2025-05-27,2025-05-27,SUP002
PO0735,IC3003,2025-05-17,150,2025-05-29,2025-05-31,SUP003
PO0736,IC3004,2025-05-17,250,2025-06-14,2025-06-15,SUP004
PO0737,R1001,2025-05-18,500,2025-05-25,2025-05-24,SUP001
PO0738,R1002,2025-05-18,300,2025-05-25,2025-05-24,SUP001
PO0739,C2001,2025-05-18,800,2025-05-28,2025-05-27,SUP002
PO0740,C2002,2025-05-18,1000,2025-06-01,2025-06-03,SUP002
PO0741,IC3001,2025-05-18,150,2025-06-08,2025-06-10,SUP003
PO0742,IC3002,2025-05-18,250,2025-05-28,2025-05-28,SUP003
PO0743,R1003,2025-05-18,500,2025-05-25,2025-05-26,SUP001
PO0744,C2003,2025-05-18,400,2025-05-28,2025-05-27,SUP002
PO0745,IC3003,2025-05-18,200,2025-05-30,2025-05-31,SUP003
PO0746,IC3004,2025-05-18,150,2025-06-15,2025-06-15,SUP004
PO0747,R1001,2025-05-19,400,2025-05-26,2025-05-27,SUP001
PO0748,R1002,2025-05-19,400,2025-05-26,2025-05-26,SUP001
PO0749,C2001,2025-05-19,800,2025-05-29,2025-05-28,SUP002
PO0750,C2002,2025-05-19,1000,2025-06-02,2025-06-03,SUP002
PO0751,IC3001,2025-05-19,200,2025-06-09,2025-06-08,SUP003
PO0752,IC3002,2025-05-19,250,2025-05-29,2025-05-28,SUP003
PO0753,R1003,2025-05-19,400,2025-05-26,2025-05-26,SUP001
PO0754,C2003,2025-05-19,400,2025-05-29,2025-05-31,SUP002
PO0755,IC3003,2025-05-19,200,2025-05-31,2025-06-01,SUP003
PO0756,IC3004,2025-05-19,150,2025-06-16,2025-06-15,SUP004
PO0757,R1001,2025-05-20,400,2025-05-27,2025-05-28,SUP001
PO0758,R1002,2025-05-20,400,2025-05-27,2025-05-28,SUP001
PO0759,C2001,2025-05-20,800,2025-05-30,2025-05-31,SUP002
PO0760,C2002,2025-05-20,600,2025-06-03,2025-06-02,SUP002
PO0761,IC3001,2025-05-20,100,2025-06-10,2025-06-10,SUP003
PO0762,IC3002,2025-05-20,100,2025-05-30,2025-05-30,SUP003
PO0763,R1003,2025-05-20,200,2025-05-27,2025-05-29,SUP001
PO0764,C2003,2025-05-20,600,2025-05-30,2025-06-01,SUP002
PO0765,IC3003,2025-05-20,200,2025-06-01,2025-06-01,SUP003
PO0766,IC3004,2025-05-20,250,2025-06-17,2025-06-16,SUP004
PO0767,R1001,2025-05-21,200,2025-05-28,2025-05-28,SUP001
PO0768,R1002,2025-05-21,200,2025-05-28,2025-05-29,SUP001
PO0769,C2001,2025-05-21,800,2025-05-31,2025-06-02,SUP002
PO0770,C2002,2025-05-21,800,2025-06-04,2025-06-06,SUP002
PO0771,IC3001,2025-05-21,100,2025-06-11,2025-06-11,SUP003
PO0772,IC3002,2025-05-21,200,2025-05-31,2025-06-01,SUP003
PO0773,R1003,2025-05-21,500,2025-05-28,2025-05-29,SUP001
PO0774,C2003,2025-05-21,1000,2025-05-31,2025-06-01,SUP002
PO0775,IC3003,2025-05-21,250,2025-06-02,2025-06-03,SUP003
PO0776,IC3004,2025-05-21,150,2025-06-18,2025-06-18,SUP004
PO0777,R1001,2025-05-22,400,2025-05-29,2025-05-28,SUP001
PO0778,R1002,2025-05-22,200,2025-05-29,2025-05-31,SUP001
PO0779,C2001,2025-05-22,800,2025-06-01,2025-06-02,SUP002
PO0780,C2002,2025-05-22,400,2025-06-05,2025-06-04,SUP002
PO0781,IC3001,2025-05-22,100,2025-06-12,2025-06-11,SUP003
PO0782,IC3002,2025-05-22,150,2025-06-01,2025-06-02,SUP003
PO0783,R1003,2025-05-22,500,2025-05-29,2025-05-31,SUP001
PO0784,C2003,2025-05-22,800,2025-06-01,2025-06-01,SUP002
PO0785,IC3003,2025-05-22,200,2025-06-03,2025-06-03,SUP003
PO0786,IC3004,2025-05-22,100,2025-06-19,2025-06-18,SUP004
PO0787,R1001,2025-05-23,500,2025-05-30,2025-05-29,SUP001
PO0788,R1002,2025-05-23,400,2025-05-30,2025-05-31,SUP001
PO0789,C2001,2025-05-23,1000,2025-06-02,2025-06-03,SUP002
PO0790,C2002,2025-05-23,800,2025-06-06,2025-06-05,SUP002
PO0791,IC3001,2025-05-23,200,2025-06-13,2025-06-12,SUP003
PO0792,IC3002,2025-05-23,250,2025-06-02,2025-06-04,SUP003
PO0793,R1003,2025-05-23,500,2025-05-30,2025-06-01,SUP001
PO0794,C2003,2025-05-23,600,2025-06-02,2025-06-03,SUP002
PO0795,IC3003,2025-05-23,200,2025-06-04,2025-06-03,SUP003
PO0796,IC3004,2025-05-23,200,2025-06-20,2025-06-20,SUP004
PO0797,R1001,2025-05-24,500,2025-05-31,2025-06-02,SUP001
PO0798,R1002,2025-05-24,400,2025-05-31,2025-05-30,SUP001
PO0799,C2001,2025-05-24,400,2025-06-03,2025-06-04,SUP002
PO0800,C2002,2025-05-24,400,2025-06-07,2025-06-08,SUP002
PO0801,IC3001,2025-05-24,200,2025-06-14,2025-06-15,SUP003
PO0802,IC3002,2025-05-24,250,2025-06-03,2025-06-04,SUP003
PO0803,R1003,2025-05-24,500,2025-05-31,2025-05-30,SUP001
PO0804,C2003,2025-05-24,1000,2025-06-03,2025-06-03,SUP002
PO0805,IC3003,2025-05-24,150,2025-06-05,2025-06-04,SUP003
PO0806,IC3004,2025-05-24,200,2025-06-21,2025-06-20,SUP004
PO0807,R1001,2025-05-25,300,2025-06-01,2025-06-01,SUP001
PO0808,R1002,2025-05-25,300,2025-06-01,2025-06-03,SUP001
PO0809,C2001,2025-05-25,400,2025-06-04,2025-06-03,SUP002
PO0810,C2002,2025-05-25,800,2025-06-08,2025-06-08,SUP002
PO0811,IC3001,2025-05-25,150,2025-06-15,2025-06-16,SUP003
PO0812,IC3002,2025-05-25,200,2025-06-04,2025-06-05,SUP003
PO0813,R1003,2025-05-25,400,2025-06-01,2025-05-31,SUP001
PO0814,C2003,2025-05-25,600,2025-06-04,2025-06-05,SUP002
PO0815,IC3003,2025-05-25,150,2025-06-06,2025-06-05,SUP003
PO0816,IC3004,2025-05-25,100,2025-06-22,2025-06-23,SUP004
PO0817,R1001,2025-05-26,400,2025-06-02,2025-06-03,SUP001
PO0818,R1002,2025-05-26,500,2025-06-02,2025-06-04,SUP001
PO0819,C2001,2025-05-26,1000,2025-06-05,2025-06-04,SUP002
PO0820,C2002,2025-05-26,1000,2025-06-09,2025-06-11,SUP002
PO0821,IC3001,2025-05-26,100,2025-06-16,2025-06-15,SUP003
PO0822,IC3002,2025-05-26,250,2025-06-05,2025-06-04,SUP003
PO0823,R1003,2025-05-26,400,2025-06-02,2025-06-03,SUP001
PO0824,C2003,2025-05-26,600,2025-06-05,2025-06-05,SUP002
PO0825,IC3003,2025-05-26,100,2025-06-07,2025-06-09,SUP003
PO0826,IC3004,2025-05-26,100,2025-06-23,2025-06-23,SUP004
PO0827,R1001,2025-05-27,500,2025-06-03,2025-06-04,SUP001
PO0828,R1002,2025-05-27,400,2025-06-03,2025-06-02,SUP001
PO0829,C2001,2025-05-27,800,2025-06-06,2025-06-07,SUP002
PO0830,C2002,2025-05-27,600,2025-06-10,2025-06-09,SUP002
PO0831,IC3001,2025-05-27,200,2025-06-17,2025-06-19,SUP003
PO0832,IC3002,2025-05-27,100,2025-06-06,2025-06-05,SUP003
PO0833,R1003,2025-05-27,500,2025-06-03,2025-06-03,SUP001
PO0834,C2003,2025-05-27,400,2025-06-06,2025-06-08,SUP002
PO0835,IC3003,2025-05-27,200,2025-06-08,2025-06-08,SUP003
PO0836,IC3004,2025-05-27,250,2025-06-24,2025-06-26,SUP004
PO0837,R1001,2025-05-28,300,2025-06-04,2025-06-04,SUP001
PO0838,R1002,2025-05-28,400,2025-06-04,2025-06-03,SUP001
PO0839,C2001,2025-05-28,1000,2025-06-07,2025-06-06,SUP002
PO0840,C2002,2025-05-28,600,2025-06-11,2025-06-11,SUP002
PO0841,IC3001,2025-05-28,150,2025-06-18,2025-06-19,SUP003
PO0842,IC3002,2025-05-28,100,2025-06-07,2025-06-08,SUP003
PO0843,R1003,2025-05-28,300,2025-06-04,2025-06-03,SUP001
PO0844,C2003,2025-05-28,600,2025-06-07,2025-06-06,SUP002
PO0845,IC3003,2025-05-28,200,2025-06-09,2025-06-08,SUP003
PO0846,IC3004,2025-05-28,250,2025-06-25,2025-06-26,SUP004
PO0847,R1001,2025-05-29,500,2025-06-05,2025-06-05,SUP001
PO0848,R1002,2025-05-29,300,2025-06-05,2025-06-06,SUP001
PO0849,C2001,2025-05-29,800,2025-06-08,2025-06-07,SUP002
PO0850,C2002,2025-05-29,600,2025-06-12,2025-06-11,SUP002
PO0851,IC3001,2025-05-29,250,2025-06-19,2025-06-20,SUP003
PO0852,IC3002,2025-05-29,100,2025-06-08,2025-06-10,SUP003
PO0853,R1003,2025-05-29,200,2025-06-05,2025-06-04,SUP001
PO0854,C2003,2025-05-29,600,2025-06-08,2025-06-10,SUP002
PO0855,IC3003,2025-05-29,250,2025-06-10,2025-06-11,SUP003
PO0856,IC3004,2025-05-29,200,2025-06-26,2025-06-26,SUP004
PO0857,R1001,2025-05-30,200,2025-06-06,2025-06-08,SUP001
PO0858,R1002,2025-05-30,300,2025-06-06,2025-06-08,SUP001
PO0859,C2001,2025-05-30,400,2025-06-09,2025-06-08,SUP002
PO0860,C2002,2025-05-30,800,2025-06-13,2025-06-14,SUP002
PO0861,IC3001,2025-05-30,150,2025-06-20,2025-06-19,SUP003
PO0862,IC3002,2025-05-30,200,2025-06-09,2025-06-09,SUP003
PO0863,R1003,2025-05-30,400,2025-06-06,2025-06-06,SUP001
PO0864,C2003,2025-05-30,400,2025-06-09,2025-06-10,SUP002
PO0865,IC3003,2025-05-30,100,2025-06-11,2025-06-12,SUP003
PO0866,IC3004,2025-05-30,250,2025-06-27,2025-06-27,SUP004
PO0867,R1001,2025-05-31,300,2025-06-07,2025-06-07,SUP001
PO0868,R1002,2025-05-31,300,2025-06-07,2025-06-08,SUP001
PO0869,C2001,2025-05-31,400,2025-06-10,2025-06-12,SUP002
PO0870,C2002,2025-05-31,1000,2025-06-14,2025-06-13,SUP002
PO0871,IC3001,2025-05-31,200,2025-06-21,2025-06-20,SUP003
PO0872,IC3002,2025-05-31,200,2025-06-10,2025-06-09,SUP003
PO0873,R1003,2025-05-31,200,2025-06-07,2025-06-09,SUP001
PO0874,C2003,2025-05-31,1000,2025-06-10,2025-06-11,SUP002
PO0875,IC3003,2025-05-31,200,2025-06-12,2025-06-11,SUP003
PO0876,IC3004,2025-05-31,100,2025-06-28,2025-06-27,SUP004
PO0877,R1001,2025-06-01,200,2025-06-08,2025-06-09,SUP001
PO0878,R1002,2025-06-01,300,2025-06-08,2025-06-08,SUP001
PO0879,C2001,2025-06-01,400,2025-06-11,2025-06-10,SUP002
PO0880,C2002,2025-06-01,400,2025-06-15,2025-06-17,SUP002
PO0881,IC3001,2025-06-01,200,2025-06-22,2025-06-21,SUP003
PO0882,IC3002,2025-06-01,200,2025-06-11,2025-06-10,SUP003
PO0883,R1003,2025-06-01,500,2025-06-08,2025-06-10,SUP001
PO0884,C2003,2025-06-01,1000,2025-06-11,2025-06-10,SUP002
PO0885,IC3003,2025-06-01,200,2025-06-13,2025-06-15,SUP003
PO0886,IC3004,2025-06-01,200,2025-06-29,2025-06-30,SUP004
PO0887,R1001,2025-06-02,400,2025-06-09,2025-06-09,SUP001
PO0888,R1002,2025-06-02,200,2025-06-09,2025-06-09,SUP001
PO0889,C2001,2025-06-02,400,2025-06-12,2025-06-14,SUP002
PO0890,C2002,2025-06-02,600,2025-06-16,2025-06-18,SUP002
PO0891,IC3001,2025-06-02,200,2025-06-23,2025-06-22,SUP003
PO0892,IC3002,2025-06-02,150,2025-06-12,2025-06-14,SUP003
PO0893,R1003,2025-06-02,500,2025-06-09,2025-06-09,SUP001
PO0894,C2003,2025-06-02,1000,2025-06-12,2025-06-13,SUP002
PO0895,IC3003,2025-06-02,250,2025-06-14,2025-06-16,SUP003
PO0896,IC3004,2025-06-02,150,2025-06-30,2025-06-29,SUP004
PO0897,R1001,2025-06-03,200,2025-06-10,2025-06-10,SUP001
PO0898,R1002,2025-06-03,400,2025-06-10,2025-06-12,SUP001
PO0899,C2001,2025-06-03,1000,2025-06-13,2025-06-12,SUP002
PO0900,C2002,2025-06-03,1000,2025-06-17,2025-06-18,SUP002
PO0901,IC3001,2025-06-03,250,2025-06-24,2025-06-25,SUP003
PO0902,IC3002,2025-06-03,250,2025-06-13,2025-06-12,SUP003
PO0903,R1003,2025-06-03,200,2025-06-10,2025-06-12,SUP001
PO0904,C2003,2025-06-03,1000,2025-06-13,2025-06-12,SUP002
PO0905,IC3003,2025-06-03,200,2025-06-15,2025-06-15,SUP003
PO0906,IC3004,2025-06-03,100,2025-07-01,2025-07-02,SUP004
PO0907,R1001,2025-06-04,200,2025-06-11,2025-06-10,SUP001
PO0908,R1002,2025-06-04,200,2025-06-11,2025-06-10,SUP001
PO0909,C2001,2025-06-04,600,2025-06-14,2025-06-16,SUP002
PO0910,C2002,2025-06-04,800,2025-06-18,2025-06-20,SUP002
PO0911,IC3001,2025-06-04,250,2025-06-25,2025-06-25,SUP003
PO0912,IC3002,2025-06-04,250,2025-06-14,2025-06-14,SUP003
PO0913,R1003,2025-06-04,400,2025-06-11,2025-06-10,SUP001
PO0914,C2003,2025-06-04,600,2025-06-14,2025-06-15,SUP002
PO0915,IC3003,2025-06-04,250,2025-06-16,2025-06-17,SUP003
PO0916,IC3004,2025-06-04,200,2025-07-02,2025-07-04,SUP004
PO0917,R1001,2025-06-05,300,2025-06-12,2025-06-13,SUP001
PO0918,R1002,2025-06-05,500,2025-06-12,2025-06-11,SUP001
PO0919,C2001,2025-06-05,400,2025-06-15,2025-06-15,SUP002
PO0920,C2002,2025-06-05,1000,2025-06-19,2025-06-21,SUP002
PO0921,IC3001,2025-06-05,150,2025-06-26,2025-06-28,SUP003
PO0922,IC3002,2025-06-05,150,2025-06-15,2025-06-15,SUP003
PO0923,R1003,2025-06-05,400,2025-06-12,2025-06-12,SUP001
PO0924,C2003,2025-06-05,1000,2025-06-15,2025-06-15,SUP002
PO0925,IC3003,2025-06-05,250,2025-06-17,2025-06-16,SUP003
PO0926,IC3004,2025-06-05,150,2025-07-03,2025-07-02,SUP004
PO0927,R1001,2025-06-06,300,2025-06-13,2025-06-15,SUP001
PO0928,R1002,2025-06-06,200,2025-06-13,2025-06-14,SUP001
PO0929,C2001,2025-06-06,800,2025-06-16,2025-06-16,SUP002
PO0930,C2002,2025-06-06,600,2025-06-20,2025-06-19,SUP002
PO0931,IC3001,2025-06-06,200,2025-06-27,2025-06-29,SUP003
PO0932,IC3002,2025-06-06,100,2025-06-16,2025-06-17,SUP003
PO0933,R1003,2025-06-06,400,2025-06-13,2025-06-14,SUP001
PO0934,C2003,2025-06-06,400,2025-06-16,2025-06-16,SUP002
PO0935,IC3003,2025-06-06,100,2025-06-18,2025-06-18,SUP003
PO0936,IC3004,2025-06-06,100,2025-07-04,2025-07-04,SUP004
PO0937,R1001,2025-06-07,200,2025-06-14,2025-06-14,SUP001
PO0938,R1002,2025-06-07,500,2025-06-14,2025-06-16,SUP001
PO0939,C2001,2025-06-07,400,2025-06-17,2025-06-16,SUP002
PO0940,C2002,2025-06-07,600,2025-06-21,2025-06-22,SUP002
PO0941,IC3001,2025-06-07,100,2025-06-28,2025-06-27,SUP003
PO0942,IC3002,2025-06-07,150,2025-06-17,2025-06-18,SUP003
PO0943,R1003,2025-06-07,200,2025-06-14,2025-06-16,SUP001
PO0944,C2003,2025-06-07,400,2025-06-17,2025-06-18,SUP002
PO0945,IC3003,2025-06-07,200,2025-06-19,2025-06-20,SUP003
PO0946,IC3004,2025-06-07,200,2025-07-05,2025-07-07,SUP004
PO0947,R1001,2025-06-08,300,2025-06-15,2025-06-16,SUP001
PO0948,R1002,2025-06-08,400,2025-06-15,2025-06-15,SUP001
PO0949,C2001,2025-06-08,400,2025-06-18,2025-06-17,SUP002
PO0950,C2002,2025-06-08,400,2025-06-22,2025-06-23,SUP002
PO0951,IC3001,2025-06-08,200,2025-06-29,2025-06-30,SUP003
PO0952,IC3002,2025-06-08,250,2025-06-18,2025-06-19,SUP003
PO0953,R1003,2025-06-08,500,2025-06-15,2025-06-17,SUP001
PO0954,C2003,2025-06-08,1000,2025-06-18,2025-06-20,SUP002
PO0955,IC3003,2025-06-08,200,2025-06-20,2025-06-21,SUP003
PO0956,IC3004,2025-06-08,100,2025-07-06,2025-07-07,SUP004
PO0957,R1001,2025-06-09,500,2025-06-16,2025-06-18,SUP001
PO0958,R1002,2025-06-09,300,2025-06-16,2025-06-16,SUP001
PO0959,C2001,2025-06-09,600,2025-06-19,2025-06-20,SUP002
PO0960,C2002,2025-06-09,800,2025-06-23,2025-06-23,SUP002
PO0961,IC3001,2025-06-09,200,2025-06-30,2025-06-30,SUP003
PO0962,IC3002,2025-06-09,250,2025-06-19,2025-06-18,SUP003
PO0963,R1003,2025-06-09,500,2025-06-16,2025-06-18,SUP001
PO0964,C2003,2025-06-09,1000,2025-06-19,2025-06-18,SUP002
PO0965,IC3003,2025-06-09,200,2025-06-21,2025-06-20,SUP003
PO0966,IC3004,2025-06-09,100,2025-07-07,2025-07-06,SUP004
PO0967,R1001,2025-06-10,300,2025-06-17,2025-06-19,SUP001
PO0968,R1002,2025-06-10,200,2025-06-17,2025-06-19,SUP001
PO0969,C2001,2025-06-10,1000,2025-06-20,2025-06-22,SUP002
PO0970,C2002,2025-06-10,400,2025-06-24,2025-06-26,SUP002
PO0971,IC3001,2025-06-10,250,2025-07-01,2025-07-02,SUP003
PO0972,IC3002,2025-06-10,200,2025-06-20,2025-06-21,SUP003
PO0973,R1003,2025-06-10,300,2025-06-17,2025-06-19,SUP001
PO0974,C2003,2025-06-10,800,2025-06-20,2025-06-19,SUP002
PO0975,IC3003,2025-06-10,100,2025-06-22,2025-06-24,SUP003
PO0976,IC3004,2025-06-10,100,2025-07-08,2025-07-07,SUP004
PO0977,R1001,2025-06-11,200,2025-06-18,2025-06-17,SUP001
PO0978,R1002,2025-06-11,500,2025-06-18,2025-06-19,SUP001
PO0979,C2001,2025-06-11,600,2025-06-21,2025-06-22,SUP002
PO0980,C2002,2025-06-11,400,2025-06-25,2025-06-24,SUP002
PO0981,IC3001,2025-06-11,150,2025-07-02,2025-07-02,SUP003
PO0982,IC3002,2025-06-11,150,2025-06-21,2025-06-23,SUP003
PO0983,R1003,2025-06-11,300,2025-06-18,2025-06-18,SUP001
PO0984,C2003,2025-06-11,800,2025-06-21,2025-06-22,SUP002
PO0985,IC3003,2025-06-11,150,2025-06-23,2025-06-22,SUP003
PO0986,IC3004,2025-06-11,150,2025-07-09,2025-07-08,SUP004
PO0987,R1001,2025-06-12,200,2025-06-19,2025-06-20,SUP001
PO0988,R1002,2025-06-12,300,2025-06-19,2025-06-20,SUP001
PO0989,C2001,2025-06-12,800,2025-06-22,2025-06-23,SUP002
PO0990,C2002,2025-06-12,400,2025-06-26,2025-06-28,SUP002
PO0991,IC3001,2025-06-12,150,2025-07-03,2025-07-02,SUP003
PO0992,IC3002,2025-06-12,100,2025-06-22,2025-06-23,SUP003
PO0993,R1003,2025-06-12,200,2025-06-19,2025-06-18,SUP001
PO0994,C2003,2025-06-12,1000,2025-06-22,2025-06-22,SUP002
PO0995,IC3003,2025-06-12,250,2025-06-24,2025-06-24,SUP003
PO0996,IC3004,2025-06-12,250,2025-07-10,2025-07-11,SUP004
PO0997,R1001,2025-06-13,200,2025-06-20,2025-06-22,SUP001
PO0998,R1002,2025-06-13,400,2025-06-20,2025-06-19,SUP001
PO0999,C2001,2025-06-13,600,2025-06-23,2025-06-23,SUP002
PO1000,C2002,2025-06-13,600,2025-06-27,2025-06-28,SUP002
PO1001,IC3001,2025-06-13,150,2025-07-04,2025-07-05,SUP003
PO1002,IC3002,2025-06-13,150,2025-06-23,2025-06-22,SUP003
PO1003,R1003,2025-06-13,300,2025-06-20,2025-06-20,SUP001
PO1004,C2003,2025-06-13,800,2025-06-23,2025-06-23,SUP002
PO1005,IC3003,2025-06-13,150,2025-06-25,2025-06-25,SUP003
PO1006,IC3004,2025-06-13,100,2025-07-11,2025-07-10,SUP004
PO1007,R1001,2025-06-14,500,2025-06-21,2025-06-20,SUP001
PO1008,R1002,2025-06-14,500,2025-06-21,2025-06-20,SUP001
PO1009,C2001,2025-06-14,600,2025-06-24,2025-06-23,SUP002
PO1010,C2002,2025-06-14,400,2025-06-28,2025-06-28,SUP002
PO1011,IC3001,2025-06-14,250,2025-07-05,2025-07-07,SUP003
PO1012,IC3002,2025-06-14,200,2025-06-24,2025-06-23,SUP003
PO1013,R1003,2025-06-14,400,2025-06-21,2025-06-20,SUP001
PO1014,C2003,2025-06-14,800,2025-06-24,2025-06-24,SUP002
PO1015,IC3003,2025-06-14,150,2025-06-26,2025-06-26,SUP003
PO1016,IC3004,2025-06-14,150,2025-07-12,2025-07-13,SUP004
PO1017,R1001,2025-06-15,200,2025-06-22,2025-06-23,SUP001
PO1018,R1002,2025-06-15,400,2025-06-22,2025-06-23,SUP001
PO1019,C2001,2025-06-15,1000,2025-06-25,2025-06-26,SUP002
PO1020,C2002,2025-06-15,800,2025-06-29,2025-07-01,SUP002
PO1021,IC3001,2025-06-15,100,2025-07-06,2025-07-05,SUP003
PO1022,IC3002,2025-06-15,200,2025-06-25,2025-06-25,SUP003
PO1023,R1003,2025-06-15,200,2025-06-22,2025-06-22,SUP001
PO1024,C2003,2025-06-15,600,2025-06-25,2025-06-25,SUP002
PO1025,IC3003,2025-06-15,200,2025-06-27,2025-06-28,SUP003
PO1026,IC3004,2025-06-15,100,2025-07-13,2025-07-14,SUP004
PO1027,R1001,2025-06-16,500,2025-06-23,2025-06-23,SUP001
PO1028,R1002,2025-06-16,200,2025-06-23,2025-06-24,SUP001
PO1029,C2001,2025-06-16,400,2025-06-26,2025-06-25,SUP002
PO1030,C2002,2025-06-16,1000,2025-06-30,2025-07-01,SUP002
PO1031,IC3001,2025-06-16,150,2025-07-07,2025-07-07,SUP003
PO1032,IC3002,2025-06-16,200,2025-06-26,2025-06-26,SUP003
PO1033,R1003,2025-06-16,300,2025-06-23,2025-06-22,SUP001
PO1034,C2003,2025-06-16,600,2025-06-26,2025-06-27,SUP002
PO1035,IC3003,2025-06-16,100,2025-06-28,2025-06-27,SUP003
PO1036,IC3004,2025-06-16,200,2025-07-14,2025-07-15,SUP004
PO1037,R1001,2025-06-17,200,2025-06-24,2025-06-25,SUP001
PO1038,R1002,2025-06-17,200,2025-06-24,2025-06-25,SUP001
PO1039,C2001,2025-06-17,400,2025-06-27,2025-06-28,SUP002
PO1040,C2002,2025-06-17,1000,2025-07-01,2025-06-30,SUP002
PO1041,IC3001,2025-06-17,250,2025-07-08,2025-07-09,SUP003
PO1042,IC3002,2025-06-17,150,2025-06-27,2025-06-28,SUP003
PO1043,R1003,2025-06-17,400,2025-06-24,2025-06-24,SUP001
PO1044,C2003,2025-06-17,600,2025-06-27,2025-06-28,SUP002
PO1045,IC3003,2025-06-17,250,2025-06-29,2025-06-28,SUP003
PO1046,IC3004,2025-06-17,250,2025-07-15,2025-07-15,SUP004
PO1047,R1001,2025-06-18,400,2025-06-25,2025-06-27,SUP001
PO1048,R1002,2025-06-18,500,2025-06-25,2025-06-26,SUP001
PO1049,C2001,2025-06-18,400,2025-06-28,2025-06-28,SUP002
PO1050,C2002,2025-06-18,1000,2025-07-02,2025-07-03,SUP002
PO1051,IC3001,2025-06-18,100,2025-07-09,2025-07-10,SUP003
PO1052,IC3002,2025-06-18,100,2025-06-28,2025-06-27,SUP003
PO1053,R1003,2025-06-18,300,2025-06-25,2025-06-24,SUP001
PO1054,C2003,2025-06-18,600,2025-06-28,2025-06-28,SUP002
PO1055,IC3003,2025-06-18,200,2025-06-30,2025-07-01,SUP003
PO1056,IC3004,2025-06-18,150,2025-07-16,2025-07-17,SUP004
PO1057,R1001,2025-06-19,400,2025-06-26,2025-06-26,SUP001
PO1058,R1002,2025-06-19,500,2025-06-26,2025-06-26,SUP001
PO1059,C2001,2025-06-19,600,2025-06-29,2025-07-01,SUP002
PO1060,C2002,2025-06-19,800,2025-07-03,2025-07-05,SUP002
PO1061,IC3001,2025-06-19,200,2025-07-10,2025-07-12,SUP003
PO1062,IC3002,2025-06-19,200,2025-06-29,2025-06-30,SUP003
PO1063,R1003,2025-06-19,500,2025-06-26,2025-06-26,SUP001
PO1064,C2003,2025-06-19,600,2025-06-29,2025-06-29,SUP002
PO1065,IC3003,2025-06-19,200,2025-07-01,2025-07-02,SUP003
PO1066,IC3004,2025-06-19,150,2025-07-17,2025-07-19,SUP004
PO1067,R1001,2025-06-20,400,2025-06-27,2025-06-26,SUP001
PO1068,R1002,2025-06-20,500,2025-06-27,2025-06-27,SUP001
PO1069,C2001,2025-06-20,400,2025-06-30,2025-07-02,SUP002
PO1070,C2002,2025-06-20,800,2025-07-04,2025-07-06,SUP002
PO1071,IC3001,2025-06-20,200,2025-07-11,2025-07-13,SUP003
PO1072,IC3002,2025-06-20,100,2025-06-30,2025-07-02,SUP003
PO1073,R1003,2025-06-20,500,2025-06-27,2025-06-28,SUP001
PO1074,C2003,2025-06-20,1000,2025-06-30,2025-07-02,SUP002
PO1075,IC3003,2025-06-20,150,2025-07-02,2025-07-03,SUP003
PO1076,IC3004,2025-06-20,250,2025-07-18,2025-07-20,SUP004
PO1077,R1001,2025-06-21,300,2025-06-28,2025-06-30,SUP001
PO1078,R1002,2025-06-21,500,2025-06-28,2025-06-30,SUP001
PO1079,C2001,2025-06-21,400,2025-07-01,2025-07-02,SUP002
PO1080,C2002,2025-06-21,800,2025-07-05,2025-07-06,SUP002
PO1081,IC3001,2025-06-21,200,2025-07-12,2025-07-11,SUP003
PO1082,IC3002,2025-06-21,250,2025-07-01,2025-07-03,SUP003
PO1083,R1003,2025-06-21,200,2025-06-28,2025-06-28,SUP001
PO1084,C2003,2025-06-21,1000,2025-07-01,2025-06-30,SUP002
PO1085,IC3003,2025-06-21,150,2025-07-03,2025-07-05,SUP003
PO1086,IC3004,2025-06-21,250,2025-07-19,2025-07-21,SUP004
PO1087,R1001,2025-06-22,300,2025-06-29,2025-06-29,SUP001
PO1088,R1002,2025-06-22,500,2025-06-29,2025-06-29,SUP001
PO1089,C2001,2025-06-22,800,2025-07-02,2025-07-01,SUP002
PO1090,C2002,2025-06-22,400,2025-07-06,2025-07-05,SUP002
PO1091,IC3001,2025-06-22,250,2025-07-13,2025-07-13,SUP003
PO1092,IC3002,2025-06-22,200,2025-07-02,2025-07-02,SUP003
PO1093,R1003,2025-06-22,200,2025-06-29,2025-06-28,SUP001
PO1094,C2003,2025-06-22,1000,2025-07-02,2025-07-01,SUP002
PO1095,IC3003,2025-06-22,150,2025-07-04,2025-07-04,SUP003
PO1096,IC3004,2025-06-22,200,2025-07-20,2025-07-19,SUP004
PO1097,R1001,2025-06-23,400,2025-06-30,2025-07-01,SUP001
PO1098,R1002,2025-06-23,300,2025-06-30,2025-06-30,SUP001
PO1099,C2001,2025-06-23,1000,2025-07-03,2025-07-04,SUP002
PO1100,C2002,2025-06-23,600,2025-07-07,2025-07-07,SUP002
PO1101,IC3001,2025-06-23,250,2025-07-14,2025-07-15,SUP003
PO1102,IC3002,2025-06-23,250,2025-07-03,2025-07-04,SUP003
PO1103,R1003,2025-06-23,300,2025-06-30,2025-07-02,SUP001
PO1104,C2003,2025-06-23,600,2025-07-03,2025-07-03,SUP002
PO1105,IC3003,2025-06-23,200,2025-07-05,2025-07-07,SUP003
PO1106,IC3004,2025-06-23,150,2025-07-21,2025-07-21,SUP004
PO1107,R1001,2025-06-24,200,2025-07-01,2025-07-01,SUP001
PO1108,R1002,2025-06-24,400,2025-07-01,2025-07-01,SUP001
PO1109,C2001,2025-06-24,600,2025-07-04,2025-07-03,SUP002
PO1110,C2002,2025-06-24,1000,2025-07-08,2025-07-08,SUP002
PO1111,IC3001,2025-06-24,150,2025-07-15,2025-07-14,SUP003
PO1112,IC3002,2025-06-24,100,2025-07-04,2025-07-04,SUP003
PO1113,R1003,2025-06-24,200,2025-07-01,2025-07-03,SUP001
PO1114,C2003,2025-06-24,600,2025-07-04,2025-07-05,SUP002
PO1115,IC3003,2025-06-24,150,2025-07-06,2025-07-05,SUP003
PO1116,IC3004,2025-06-24,200,2025-07-22,2025-07-24,SUP004
PO1117,R1001,2025-06-25,400,2025-07-02,2025-07-02,SUP001
PO1118,R1002,2025-06-25,500,2025-07-02,2025-07-04,SUP001
PO1119,C2001,2025-06-25,600,2025-07-05,2025-07-04,SUP002
PO1120,C2002,2025-06-25,600,2025-07-09,2025-07-10,SUP002
PO1121,IC3001,2025-06-25,100,2025-07-16,2025-07-15,SUP003
PO1122,IC3002,2025-06-25,100,2025-07-05,2025-07-06,SUP003
PO1123,R1003,2025-06-25,300,2025-07-02,2025-07-04,SUP001
PO1124,C2003,2025-06-25,400,2025-07-05,2025-07-06,SUP002
PO1125,IC3003,2025-06-25,150,2025-07-07,2025-07-09,SUP003
PO1126,IC3004,2025-06-25,150,2025-07-23,2025-07-24,SUP004
PO1127,R1001,2025-06-26,300,2025-07-03,2025-07-05,SUP001
PO1128,R1002,2025-06-26,300,2025-07-03,2025-07-05,SUP001
PO1129,C2001,2025-06-26,400,2025-07-06,2025-07-08,SUP002
PO1130,C2002,2025-06-26,400,2025-07-10,2025-07-09,SUP002
PO1131,IC3001,2025-06-26,200,2025-07-17,2025-07-18,SUP003
PO1132,IC3002,2025-06-26,150,2025-07-06,2025-07-05,SUP003
PO1133,R1003,2025-06-26,300,2025-07-03,2025-07-03,SUP001
PO1134,C2003,2025-06-26,800,2025-07-06,2025-07-07,SUP002
PO1135,IC3003,2025-06-26,100,2025-07-08,2025-07-10,SUP003
PO1136,IC3004,2025-06-26,250,2025-07-24,2025-07-26,SUP004
PO1137,R1001,2025-06-27,300,2025-07-04,2025-07-04,SUP001
PO1138,R1002,2025-06-27,300,2025-07-04,2025-07-06,SUP001
PO1139,C2001,2025-06-27,600,2025-07-07,2025-07-09,SUP002
PO1140,C2002,2025-06-27,1000,2025-07-11,2025-07-11,SUP002
PO1141,IC3001,2025-06-27,250,2025-07-18,2025-07-18,SUP003
PO1142,IC3002,2025-06-27,200,2025-07-07,2025-07-06,SUP003
PO1143,R1003,2025-06-27,500,2025-07-04,2025-07-06,SUP001
PO1144,C2003,2025-06-27,400,2025-07-07,2025-07-06,SUP002
PO1145,IC3003,2025-06-27,100,2025-07-09,2025-07-09,SUP003
PO1146,IC3004,2025-06-27,100,2025-07-25,2025-07-25,SUP004
PO1147,R1001,2025-06-28,300,2025-07-05,2025-07-07,SUP001
PO1148,R1002,2025-06-28,500,2025-07-05,2025-07-05,SUP001
PO1149,C2001,2025-06-28,800,2025-07-08,2025-07-07,SUP002
PO1150,C2002,2025-06-28,800,2025-07-12,2025-07-12,SUP002
PO1151,IC3001,2025-06-28,150,2025-07-19,2025-07-19,SUP003
PO1152,IC3002,2025-06-28,250,2025-07-08,2025-07-10,SUP003
PO1153,R1003,2025-06-28,400,2025-07-05,2025-07-06,SUP001
PO1154,C2003,2025-06-28,1000,2025-07-08,2025-07-08,SUP002
PO1155,IC3003,2025-06-28,250,2025-07-10,2025-07-12,SUP003
PO1156,IC3004,2025-06-28,250,2025-07-26,2025-07-27,SUP004
PO1157,R1001,2025-06-29,500,2025-07-06,2025-07-05,SUP001
PO1158,R1002,2025-06-29,200,2025-07-06,2025-07-06,SUP001
PO1159,C2001,2025-06-29,400,2025-07-09,2025-07-09,SUP002
PO1160,C2002,2025-06-29,600,2025-07-13,2025-07-14,SUP002
PO1161,IC3001,2025-06-29,250,2025-07-20,2025-07-21,SUP003
PO1162,IC3002,2025-06-29,250,2025-07-09,2025-07-11,SUP003
PO1163,R1003,2025-06-29,500,2025-07-06,2025-07-05,SUP001
PO1164,C2003,2025-06-29,600,2025-07-09,2025-07-09,SUP002
PO1165,IC3003,2025-06-29,200,2025-07-11,2025-07-11,SUP003
PO1166,IC3004,2025-06-29,250,2025-07-27,2025-07-26,SUP004
PO1167,R1001,2025-06-30,400,2025-07-07,2025-07-07,SUP001
PO1168,R1002,2025-06-30,400,2025-07-07,2025-07-07,SUP001
PO1169,C2001,2025-06-30,800,2025-07-10,2025-07-09,SUP002
PO1170,C2002,2025-06-30,800,2025-07-14,2025-07-16,SUP002
PO1171,IC3001,2025-06-30,250,2025-07-21,2025-07-21,SUP003
PO1172,IC3002,2025-06-30,200,2025-07-10,2025-07-09,SUP003
PO1173,R1003,2025-06-30,500,2025-07-07,2025-07-08,SUP001
PO1174,C2003,2025-06-30,400,2025-07-10,2025-07-12,SUP002
PO1175,IC3003,2025-06-30,250,2025-07-12,2025-07-14,SUP003
PO1176,IC3004,2025-06-30,100,2025-07-28,2025-07-27,SUP004
